name, symbol
LIFE, LIFE
CreaRicco, CRERI
BitStake, XBS
ItalyFood, IFOOD
eSTERLING, ESTER
Schiphol, SCHIP
MegaCoins, MEGA
Dance, DANCE
OpalCoin, OPAL
LUIGI, LUIGI
Eddie, EDDIE
Brussels, BRUSS
Fygy, FYGY
CleverHash, CHASH
VegasCoins, VEGAS
AMINE, AMINE
Newspaper, NEWSP
XPH, XPH
GoldPieces, GP
PorkCoin, XPC
Pebblecoin, XPB
Taxes, TAXES
Paycoin, XPY
Tunes, TUNES
Boost, BOOST
Bytecent, BYC
Nintendo, NINTE
Virtual, MONEY
Skywalker, SKYWA
MalibuCoin, MAL
007, 007
BTCARace1, IOOOI
CRTV, CRTV
10kCoin, 10K
LightSpeed, LSD
Yokai, YOKAI
Guard, GUARD
Muzik, MUZIK
FAutoRace, FAUTO
BTCEMBASSY, BEMB
NextBTC, NXBTC
Diamond, DIAMO
Counterpty, COUNT
DODGE, DODGE
GRT, GRT
Dirac, DIRAC
Glory, GLORY
PARIS, PARIS
Graph, GRAPH
GRF, GRF
Krone, KRONE
GRM, GRM
Wenzhou, WENZH
NooCoin, NOO
Trekkies, TREKS
Trekker, TREKR
EventToken, EVENT
Altcoin, ALTCO
IOIOO, IOIOO
Nopecoin, NOPE
Supercoin, SPR
LearyCoin, LEARY
STADECOIN, STADE
Barcelona, BARCE
STX, STX
Business, BUSIN
SMILE, SMILE
CTO, CTO
Porsche, PORSC
DKKCoin, DKOIN
DORCS, DORCS
Gateway, GATES
Roulette, ROULE
MobiusCoin, MOBI
Tourncoin, TOURC
Gateways, GATEW
NXDVC, NXDVC
Tournament, TOURN
TerraLibre, TERRA
Casino, CASIN
Tablet, TABLE
SparkCoin, SPARK
Ghostcoin, GHOST
Spawn, SPAWN
GOODS, GOODS
ITALY, ITALY
GDAPR, GDAPR
UnitedStat, UNITE
ParallelPr, PPROC
Rahaa, RAHAA
LiteShares, LITES
Zhengzhou, ZHENG
AutismCoin, ATISM
LITEC, LITEC
Landcoin, LANDC
Acura, ACURA
SCUDO, SCUDO
BEARS, BEARS
WOCX, WOCX
Davidoff, DAVIF
CallofDuty, CALLD
SaudiArabi, SAUDI
PEER, PEER
Wikipedia, WIKIP
Wolverine, WOLVE
BOOBY, BOOBY
BOOBS, BOOBS
Nikon, NIKON
NASCAR, NASCR
Virus, VIRUS
Nimoy, NIMOY
alolcopter, ROTFL
pizza, PIZZA
PASTE, PASTE
WOULD, WOULD
Rouble, ROUBL
WonderWoma, WONDW
Ford, FORD
MUSIC, MUSIC
Smart, SMART
WALLE, WALLE
Cheer, CHEER
CALI, CALI
Wallstreet, WALLS
ECOIN, ECOIN
BlackHat, BLKHT
Sterling, STERL
TWTR, TWTR
SriLanka, SRILA
Quotient, XQN
Torrent, TORRT
rupee, RUPEE
Limit, LIMIT
Jaguar, JAGUA
COLBRL, COLBRL
Rupees, RUPES
Raven, RAVEN
Heavy, HEAVY
PUTIN, PUTIN
Gadget, GADGT
Dicethrow, DICET
Netflix, NFLIX
NXCTY, NXCTY
Hungary, HUNGA
Laptop, LAPTO
BTCRS, BTCRS
Swiss Franc, CHF
MRP, MRP
AliceCoins, ALICE
PLASTICSYN, PLSYN
ZIN, ZIN
Minecraft, MINEC
Utilitycoin, UTIL
Montenegro, MONTE
Sukuk, SUKUK
Silver, AURUM
Peso, PESO
Honeycoin, HONEY
Afghanista, AFGHA
Montreal, MONTR
Family, FAMIL
Profit, PROFI
Horse, HORSE
Hangzhou, HANGZ
coins, COINS
CryptoCurr, CCURR
Turbo, TURBO
Shark, SHARK
Rasta, RASTA
CzechRepub, CZECH
Tumblr, TUMBL
SharedCoin, SHARC
Stamp, STAMP
TKT, TKT
PokerStars, PSTAR
ParallelCo, PCOMP
SHARP, SHARP
Superhero, SHERO
Chennai, CHENN
Warts, WARTS
Shadow, SHADW
MediaCoins, MEDIA
Medicine, MEDIC
BIOSYNERGY, BISYN
munny, MUNNY
Munne, MUNNE
GCR, GCR
ShadeCoin, SHADE
Oxford, OXFOR
GLASGOW, GLASG
BitShares, BTS
XCE, XCE
XCO, XCO
BoriCoin, BORIC
GLASS, GLASS
BTA, BTA
Time, TIME
Kenya, KENYA
LTBnetwork, LTBNW
Credits, CRED
Great, GREAT
Spots, SPOTS
MACDO, MACDO
FlirtCoin, FLIRT
ATOMIC Asset, ATOMIC
ResumeoShares, RMS
FrancC, FRFCR
Seoul, SEOUL
Brain, BRAIN
Kyoto, KYOTO
Trade, TRADE
RMB, RMB
ADPAY, ADPAY
Trader, TRADR
UAEmirates, EMIRA
Click, CLICK
Shin, SHIN
DNAcoin, DNACO
Gawker, GAWKR
VPNco, VPNCO
Petersburg, STPET
Chanel, CHANE
Changsha, CHANG
PIECE, PIECE
Blender, BLEND
IronMan, IRONM
Payment, PAYMT
ASN, ASN
Diablo, DIABL
Funds, FUNDS
Payments, PAYME
Speed, SPEED
bread, BREAD
Juggle, JUGGL
AGRS, AGRS
NXTavos, TAVOS
GLEFU, GLEFU
Xiamen, XIAME
CYP, CYP
Isuzu, ISUZU
Powcoin, POW
GoldDollar, GOLDD
FreeMarket Asset, MRKT
Clout, CLOUT
ButtShares, BUTTS
Adidas, ADIDA
Walmart, WALMT
Ninjacoin, NINJA
CLOUD, CLOUD
MSUSD, MSUSD
SYScoin, SYSCO
Craps, CRAPS
Secure, SECUR
TweetCoin, TWEET
Linux, LINUX
Bytes, BYTES
Legal, LEGAL
DENAR, DENAR
penzlfund, PENZL
MoorCoin, MOCN
Taipei, TAIPE
NICE, NICE
GDJUL, GDJUL
Television, TELEV
Telephone, TELEP
PAY, PAY
SWARM, SWARM
Telegram, TELEG
Fanta, FANTA
Steal, STEAL
STEAM, STEAM
PornShares, PORNS
IBITS, IBITS
potch, POTCH
MANCHESTER, MANCH
Anonymity, ANONM
HONDA, HONDA
DCC, DCC
PERU, PERU
Armani, ARMAN
Anonymous, ANONY
Prize, PRIZE
Remote, REMOT
Ivory, IVORY
LFTCCoin, LFTC
Chief, CHIEF
SIGU, SIGU
Rambo, RAMBO
Reals, REALS
WHERE, WHERE
MINTS, MINTS
CAJAMARCA, CAJAM
BEAST, BEAST
PLCS, PLCS
LasVegas, LVEGA
NodeJS, NODJS
STEPS, STEPS
OBAMA, OBAMA
Lidl, LIDL
LPntsCnStr, LPCS
RIYAL, RIYAL
LARGE, LARGE
Zwave, ZWAVE
BOAT, BOAT
XDB, XDB
ACoin, ACOIN
Klingon, KLING
ADEPT, ADEPT
SCOUT, SCOUT
Samsung, SAMSG
Rifle, RIFLE
BUB, BUB
Comics, COMIC
School, SCHOO
Pfund, PFUND
Purdue, PURDU
Covert, COVRT
GUILL, GUILL
SUGAR, SUGAR
Peking, PEKIN
MewnCoin, MEWN
Software, SOFTW
PSN, PSN
AOOOI, AOOOI
Osaka, OSAKA
iWatch, IWATC
Mobcoin, MOB
Islam, ISLAM
AOPEN, AOPEN
AngryBirds, ANGRY
CrackCoin, CRACK
Bulgaria, BULGA
Chaos, CHAOS
BCY, BCY
EthereumDark, ETD
Aries, ARIES
ETH, ETH
LOANS, LOANS
256, 256
BitCredits, BCR
BitCent, BCENT
SPKTR, SPKTR
Cornell, CORNE
Yangon, YANGO
Twitter, TWITR
Leeds, LEEDS
MexicoCity, MEXCY
Infinite, INFNT
Razor, RAZOR
Trillion, TRILL
COINZ, COINZ
AOIO, AOIO
THOTH, THOTH
Brazil, BRAZI
CF, CF
IGOLD, IGOLD
COPPER, COPPR
Escrow, ESCRW
CP, CP
LDOGE, LDOGE
Major, MAJOR
FlicheCoin, FLICH
bitui, BITUI
Belarus, BELAR
Helix, HELIX
Dhaka, DHAKA
Carribbean, CARIB
Woodcoin, LOG
CapeTown, CAPET
VARY, VARY
Moskva, MOSKV
YAHOO, YAHOO
Learn, LEARN
FACEBOOK, FBOOK
NOC, NOC
AXIOM, AXIOM
Supergirl, SGIRL
Dicegame, DICEG
zhihu, ZHIHU
Luxembourg, LUXEM
Warcraft, WARCR
RibbitRewards, RBR
DIBS, DIBS
BTAPR, BTAPR
Orion, ORION
Diceroll, DICER
SVAPR, SVAPR
Kone, KONE
HTMLcoin, HTML5
NdsMark, NDSMK
huobi, HUOBI
Samoa, SAMOA
Smith, SMITH
Trekkie, TREKK
LGBTQ, LGBTQ
MSBTC, MSBTC
Focus, FOCUS
McDonalds, MCDON
DarkWallet, DWALL
Tianjin, TIANJ
Pepsi, PEPSI
LAMPS, LAMPS
Mumbai, MUMBA
DRZ, DRZ
WHICH, WHICH
EKN, EKN
Indexes, INDXS
Romania, ROMAN
Barter, BARTR
Future, FUTUR
Minute, MINUT
COLMIC, COLMIC
DRACHTEST, DRACT
Sweet, SWEET
LatinoCoin, LATCO
Sweepstake, SWEEP
INSTANTDEX, ISDEX
Pirate, PIRAT
Celebrity, CELEB
FreeCoin, BEATS
LIKES, LIKES
SlotsCoins, SLOTS
Drachmae, DRACH
Conceal, CONCE
Foshan, FOSHA
WolfXcoin, WOLFX
NANAS, NANAS
Kiss, KISS
Ethernet, ETNET
Gaming, GMING
Elements, ELEMS
Galaxy, GALAX
Lagos, LAGOS
Liverpool, LIVER
CLAIM, CLAIM
KualaLumpu, KUALA
PoolStamp, XSP
Grill, GRILL
DUBLIN, DUBLI
Motel, MOTEL
GAMES, GAMES
GAMER, GAMER
METALSYNER, MESYN
Viorcoin, VIOR
GameX, GAMEX
Search, SEARC
Jumble, JUMBL
Moscow, MSCOW
Maserati, MASER
FRANK, FRANK
Reward, REWRD
Athens, ATHEN
Swagg, SWAGG
Arcade, ARCAD
CheckOutCoin, CXC
PTY, PTY
SKYPE, SKYPE
ether, ETHER
Litecoin, LTCXX
Galactic, GALAC
LVNTA, LVNTA
FFootball, FFOOT
SciFi, SCIFI
Cplus, CPLUS
FCT, FCT
ZIRK, ZIRK
STENA, STENA
Burma, BURMA
Digit, DIGIT
DigiSilver, DIGIS
Jackpot, JACKP
THEIR, THEIR
AutoRacing, AUTOR
Autos, AUTOS
SENSE, SENSE
HongKong, HONGK
zenny, ZENNY
DopeCoinV3, DOPEV3
XCPSJCX, XCPSJCX
Jl777, JAMES
Basketball, BASKB
xcoin, XCOIN
Kolkata, KOLKA
GAME, GAME
BCEAO, BCEAO
forgecoin, FORGE
Grass, GRASS
Kribi, KRIBI
Optic, OPTIC
Optimus, OPTIM
Gems, GEMZ
Bacon, BACON
Nubits, NBT
Bitti, BITTI
Shape, SHAPE
Proxy, PROXY
FriendshipCoin2, FSC2
Nigeria, NIGER
GranTurism, GTURI
ServX, XSX
GMAIL, GMAIL
core, CORE
CorgiCoin, CORG
Admin, ADMIN
SHOES, SHOES
Berkeley, BERKE
TimHeath, HEATH
Hellboy, HELLB
ADC, ADC
BitShares DNS, DNS
MERCADO, MERCA
People, PEOPL
Deals, DEALS
Mercedes, MERCE
Techno, TECNO
Radar, RADAR
CebuCity, CEBUC
MetalWars, MWARS
Scrolls, SCROL
Entity, ENTIX
BirdCoin, BRD
KoolioCoin, KOOL
Obfuscate, OBFUS
VirtualCoin, VCOIN
Loyal, LOYAL
RETRO, RETRO
Kappa, KAPPA
Login, LOGIN
Emule, EMULE
Giftcard, GIFTC
LANIX, LANIX
Angel, ANGEL
SWING, SWING
ETickets, ETICK
GiftsCoins, GIFTS
Washington, WASHI
EMPTY, EMPTY
Traffic, TRAFF
Cycle, CYCLE
Exxon, EXXON
Iceland, ICELA
Annuity, ANNUI
MetalCoin, METAL
VALUE, VALUE
spaincoin, SPAIN
JINNLABS, JINNS
Valut, VALUT
POUND, POUND
ArtifIntel, AINTE
Fuego, FUEGO
leater, LEEET
Genre, GENRE
SouthPark, STHPK
Lithuania, LITHU
Weibo, WEIBO
Pledge, PLEDG
VIMEO, VIMEO
Cartier, CARTI
Pakistan, PAKIS
BOATS, BOATS
WANG, WANG
WhiteHat, WHTHT
CROWD, CROWD
FIATX, FIATX
MILFSHARES, MILFS
crown, CROWN
ZLOTY, ZLOTY
Santa, SANTA
Santiago, SANTI
Croatia, CROAT
SanFrancis, SANFR
FIC, FIC
Kauai, KAUAI
Satellite, SATEL
FIMKrypto, FIMK
LeaseCoins, LEASE
Bullion, PLATA
 DOGE,  DOGE
Cubic, CUBIC
PLATINUM, PLATI
cubit, CUBIT
Dongguan, DONGG
Processor, PROCS
Hexagon, HEXAG
Rings, RINGS
YouTube, YTUBE
Ringo, RINGO
M1, M1
AurumCoin, AU
Vakio, VAKIO
Cents, CENTS
AnalShares, ANALS
Quebec, QUEBE
LiteCoins, LITE
Hardware, HARDW
Gamecash, GCASH
Cyprus, CYPRU
Union, UNION
qubic, QUBIC
Clown, CLOWN
Denmark, DENMA
Chicago, CHICA
Dashcoin, DSH
BTCARaurum, GDCAR
Networks, NETWK
NEXON, NEXON
DarkShibe, DSB
WIPRO, WIPRO
lucipher, LUCII
Consolidated Mining, MN
Sidechain, SIDEC
INR, INR
Huawei, HUAWE
Sweden, SWEDE
REAL, REAL
Warez, WAREZ
STNLC, STNLC
GolfShares, GOLFS
TheLottery, LTTRY
Groupon, GRPON
Excel, EXCEL
Sachsen, SACHS
SQOIN, SQOIN
UnitedKing, UKING
DOX, DOX
Unitus, UIS
EXCHANGE, OBMEN
StarTrek, STREK
GreenLante, GLANT
Latin, LATIN
Streaming, STREM
FBcoin V2, XFB
ZOOM, ZOOM
Greenland, GLAND
MegaCoinX, MECX
CRANK, CRANK
LEIDEN, LEIDS
Sensor, SENSR
ExtractCoin, XTR
XTP, XTP
YuGiOh, YUGIO
TileCoin, XTC
Stash, STASH
SPACE, SPACE
NuBits, XNBT
QuitDough, QUIT
UTLE, UTLE
XCPXBNX, XCPXBNX
OSAMA, OSAMA
MSCNH, MSCNH
POWER, POWER
COL-BITCOINVESTMENT, COLBCINV
Anime, ANIME
OMNI, OMNI
Wireless, WRLSS
BitBay, BAY
BADcoin, BAD
Quant, QUANT
Hellcoin, HLC
SHND, SHND
Hobby, HOBBY
Quanzhou, QUANZ
ROBIN, ROBIN
LOTUS, LOTUS
BonusCoins, BONUS
GDMAY, GDMAY
SolarFarm Asset, CELL
TESTGPU5, TSTGS
Champ, CHAMP
VPNCoin, VPN
Devil, DEVIL
StableCoin, STB
DropBox, DRPBX
Hodl, HODL
STK, STK
Trinary, TRINA
MPESO, MPESO
Flame, FLAME
Rewards, REWAR
Trinity, TRINI
BIRST, BIRST
TOBIcoin, TOBI
MPESA, MPESA
OreMountns, OREMO
Omena, OMENA
chips, CHIPS
iXBT, IXBT
EDGE, EDGE
scoin, SCOIN
Buick, BUICK
EQM, EQM
GENE, GENE
Overstock, OVERS
XAU, XAU
CUPON, CUPON
Nerdmoney, NERDM
XCPMAR, XCPMAR
Royal, ROYAL
FXCTest1, FXCTA
HAP, HAP
NTRN, NTRN
Agates, AGATE
Cypher, CYPHR
QuantumCom, QCOMP
Offercoin, OFFER
Boxing, PUNCH
Iliad, ILIAD
Linden, LINDE
NAMES, NAMES
WorldTradeFunds, WTF
Nescafe, NCAFE
Tufts, TUFTS
Templecoin , TPC
VCN, VCN
Helsinki, HELSI
TPL, TPL
Sixty, SIXTY
CryptoFiat, CFIAT
Night, NIGHT
Hamburg, HAMBU
FRANC, FRANC
Wisecoin, WISE
Trump, TRUMP
COLZOIDY, COLZOIDY
ACP, ACP
Gigatron, GIGAS
PENIS, PENIS
NIRO, NIRO
Security, SCRTY
Occupy, OCCUP
COLBOOKC, COLBOOKC
Rhine, RHINE
SUP, SUP
Database, DATAB
Giftcards, GCARD
Jolla, JOLLA
FinalFanta, FINAL
TX, TX
Grexit, GRXIT
SLING, SLING
NXAPP, NXAPP
WATERSYNER, WASYN
JESUS, JESUS
Slovenia, SLOVE
Quest, QUEST
Eight, EIGHT
Slovakia, SLOVA
BEADS, BEADS
Taiwan, TAIWA
Maidsafe, MAIDS
DogeBlackCoin, DOGEB
Virgo, VIRGO
GreyHat, GRYHT
Venus, VENUS
DogeCoinS, DOGES
Satphone, SATPH
Capital, CAPIT
pearl, PEARL
Czarcoin, CZR
Creditcard, CCARD
Artificial, ARTIF
Liberland, FRLIB
Ubuntu, BUNTU
SouthKorea, SKORE
XCPCAY, XCPCAY
MetalMusicCoin , MTLMC
Athena, ZYXWV
Chengdu, CHENG
ISL, ISL
AbuDhabi, ABUDH
XCP-TAXICOIN, XCPTAXI
Emercoin, EMC
Seaport, SEAPO
KRAZYKOIN, KRAZY
_SMBR, _SMBR
AGENT, AGENT
Indonesia, INDON
SED, SED
ScarceCoin, SEC
Skyrim, SKYRM
Furry, FURRY
World, WORLD
Grace, GRACE
YouxiCoins, YOUXI
GoldCoin, GOLDC
GoldBars, GOLDB
IMC, IMC
BITTN, BITTN
CLK, CLK
BKS, BKS
GoldMoney, GOLDM
GOLDS, GOLDS
Viper, VIPER
Nemesis, NEMES
EGOLD, EGOLD
Info, INFO
clams, CLAMS
Tetcoin, TET
ZeroVert, ZER
CLAMB, CLAMB
CHINA, CHINA
solar, SOLAR
MySQL, MYSQL
LEXUS, LEXUS
Romulan, ROMUL
TOEFL, TOEFL
Ethic, ETHIC
ForexCoins, FOREX
Neuron, NEURO
NeuralNet, NEURN
wuyun, WUYUN
Shift, SHIFT
Neural, NEURA
Clubnxtfor, CNTIP
Sales, SALES
Trial01, TRIAL
Beijing, BEIJI
Triangle, TRIAN
BKcoin, BKOIN
Triad, TRIAD
Obscure, OBSCR
DarkSwift, DS
DigitalPrice, DP
Druidcloak, DRUID
Juice, JUICE
Vidio, VIDIO
Baghdad, BAGHD
Wallet, WALLT
Symbol, SYMBL
Tryte, TRYTE
DeepSpace, DEEPS
DeepWeb, DEEPW
Times, TIMES
DeepNet, DEEPN
TEETH, TEETH
Fyrkka, FYFFE
SlvrDollar, SLVRD
Fixed, FIXED
SilverBars, SLVRB
SilverCoin, SLVRC
MacleodCap, MCLD
Script, SCRIP
Boozecoin, BOOZE
HireCrypto, HIREC
ADULT, ADULT
BTAUG, BTAUG
Sampo, SAMPO
NewZealand, NEWZE
BARR, BARR
Superbowl, SBOWL
xcube, XCUBE
CDIST, CDIST
SOUTH, SOUTH
Crash, CRASH
jinbi, JINBI
Destiny, DESTI
Futurama, FRAMA
Hello, HELLO
LTBcoin, LTBC
HAMCOIN, HAMCO
Hedge, HEDGE
MinersCoin, MIC
RISK, RISK
Level, LEVEL
Suomi, SUOMI
Forty, FORTY
Madrid, MADRD
SOOOI, SOOOI
Posti, POSTI
Enterprise, ENTER
zcoin, ZCOIN
BluntCoin, BLUNT
GEEKS, GEEKS
AFTER, AFTER
Skynet, SKYNT
SPEC, SPEC
Spirit, SPIRI
NOKIA, NOKIA
LIBYA, LIBYA
COLDDU, COLDDU
notes, NOTES
UNLEA, UNLEA
IconICX, ICNX
Auckland, AUCKL
BOARD, BOARD
Venture, VENTR
BitZeny, ZNY
Fiat, FIAT
EAGLE, EAGLE
CNYNXT, CNYNX
CIRC, CIRC
Hefei, HEFEI
Durban, DURBA
HOMER, HOMER
PRE, PRE
Cardgame, CARDG
GanjaCoin, GANJA
CARDS, CARDS
TODAY, TODAY
SMACCoin, SMAC
RokieCoin, ROKIE
NXTBCOIN, TXNCB
Bands, BANDS
Donate, DONAT
SanDiego, SANDI
Bandung, BANDU
Instagram, INSTG
AWE, AWE
INSTA, INSTA
WorldWideCoin, WWC
Dollar, DLLAR
Matrix, MATRX
PAPERSYNER, PASYN
COV, COV
THESE, THESE
FISH, FISH
Lenovo, LENOV
TelAviv, TELAV
PenCoin, PEN
TIMcoin, XTIM
Adobe, ADOBE
Kebab, KEBAB
OZEAN, OZEAN
LAPAZ, LAPAZ
Oracle, ORACL
XEROX, XEROX
Tiger, TIGER
Lunch, LUNCH
Promote, PROMT
LIRA, LIRA
Private, PRIVT
Winkler, WNKLR
DINERO, DINER
Rolex, ROLEX
STLNX, STLNX
Stuff, STUFF
SIKA, SIKA
yuan, YUAN
California, CALIF
GrowCoin, GROW
Cannacoin, CANNA
Cannabis, CANNB
Norway, NORWA
SNRG, SNRG
incognito, IGNCO
Vittu, VITTU
Palladium, PALLD
Owner, OWNER
Helpcoin, HELPS
Diode, DIO
COLMAZN, COLMAZN
Girls, GIRLS
Rubis, RUBIS
Teams, TEAMS
RUBIN, RUBIN
SicBoCoins, SICBO
Rubies, RUBIE
chip, CHIP
Berlin, BERLI
PROOF, PROOF
Invest, INVST
NSC, NSC
Kiosk, KIOSK
SHF, SHF
Sudan, SUDAN
Oasis, OASIS
Fruit, FRUIT
REBEL, REBEL
NuShares, NSR
Olympia, OLYMP
STARCOINS, STRCO
Starcoin, STRCN
Dubai, DUBAI
Alibaba, ABABA
Miner, MINER
XVI, XVI
Pangea, PANG
IRCoin, IRC
WHATSAPP, WSAPP
MacauCoins, MACAU
camel, CAMEL
Vienna, VIENN
ShuffleIt, SHUFL
CptAmerica, CAMER
Shuffling, SHUFF
Ahmedabad, AHMED
EPY, EPY
Snapchat, SCHAT
ROBOT, ROBOT
FedEx, FEDEX
TRBO, TRBO
Treat, TREAT
Saxony, SAXON
XFUND, XFUND
Drawing, DRAWG
EPC, EPC
Texas, TEXAS
StarWars, STARW
FXAPR, FXAPR
Synapse, SYNAP
LYB, LYB
DUNND, DUUND
Troll, TROLL
Yandex, YANDX
ILM, ILM
BITPAY, BTPAY
SONIC, SONIC
Opera, OPERA
SafeCoins, SAFE
TheHulk, HULKK
Jaipur, JAIPU
GRAND, GRAND
Comet, COMET
Ultra, ULTRA
Shows, SHOWS
lamda, LAMDA
BAGIS, BAGIS
ILT, ILT
Cyber, CYBER
TEURO, TEURO
Stone, STONE
Laser, LASER
Auction, AUCTI
Alarm, ALARM
SembroToken, SMBR
dawkins, DWKNS
Credit, CRDTS
XCPWS, XCPWS
burdekin, AYRAU
Sigma, SIGMA
FindYou, FIND
VidioShare, VDO
TRON, TRON
Astro, ASTRO
Insurance, INSUR
ResidentEv, REVIL
Color, COLOR
Spliff, SPLIF
Asics, ASICS
EMUSK, EMUSK
Jouer, JOUER
Colombia, COLOM
Import, IMPOR
Tehran, TEHRA
Sheepcoin, SHEEP
MacOS, MACOS
Yokohama, YOKOH
Paraguay, PARAG
Paramaribo, PARAM
Parallel, PARAL
Turkey, TURKE
America, AMERI
Servers, SRVRS
Place, PLACE
Amero, AMERO
Cyberspace, CYBSP
HADESCOIN, HADES
QuarkCoin, QUARK
Cocoa, COCOA
ElderScrol, ELDER
FSports, FSPOR
Online, ONLIN
OcupyCoin, OCUPY
Philippine, PHILI
Espana, ESPAN
NXTInspect, NXTI
Vulcan, VULCA
Baseball, BASEB
SVAUG, SVAUG
Miles, MILES
Philips, PHILS
NXTBCOINX, NTBCX
FoldingCoin, FLDC
AlpsValue, ALPIN
AMANA, AMANA
DIRHAM, XMAD
Canon, CANON
Volvo, VOLVO
Voyager, VOYAG
FXMAY, FXMAY
Chrome, CHROM
Algorithm, ALGOR
Bangalore, BANGA
Miami, MIAMI
Bangladesh, BANGL
Bangkok, BANGK
VocalCoin, VOCAL
FADEA, FADEA
INFX, INFX
IELTS, IELTS
Heidelberg, HEIDE
RDN, RDN
SCARH, SCARH
KNIFE, KNIFE
Blackberry, BLKBR
FABIOcoin, FABIO
DarkSend, DARKS
SMLY, SMLY
DarkWeb, DARKW
LEO, LEO
Laughcoin, LAUGH
DarkNet, DARKN
DarkCoin, DARKC
XCPHEDGE, XCPHEDGE
Square, SQUAR
USA, USA
Morpheus, MORPH
WorldTradeFunds, XWT
Repay, REPAY
SeedCoin, SEED
Kryptonite, KRYP
Stats, STATS
WhiteCoin, XWC
NITRO, NITRO
TOEIC, TOEIC
eDOGECOIN, EDOGE
Coffee, COFFE
Prime-XI, PXI
Nanite, XNAN
Singapore, SGD
Bhutan, BHUTA
Starfleet, STARF
Starbucks, STARB
THERE, THERE
ORAproject, XORA
Perks, PERKS
Stars, STARS
Coino, CNO
clubnxtlot, CNLOT
IIIIIIIIII, IIIII
ProfitCoin, PFC
SoccerCoin, SOCER
Sydney, SYDNE
Blackjack, BLKJK
CLV, CLV
Francs, FRNCS
Manhattan, MANHA
Vader, VADER
Aegis, AEGIS
Chile, CHILE
X-Children, CHILD
CalTech, CALTE
Alpha, ALPHA
Alphabet, ALPHB
France, FRNCE
Davao, DAVAO
Fantasy, FANSY
Chillcoin, CHILL
AMIGO, AMIGO
Military, MILIT
SVJUL, SVJUL
Brooklyn, BKLYN
ocoin, OCOIN
Shopping, SHOPP
GAIACoin, GAIA
Afric, AFRIC
Helpcoin, HLPCN
KRONA, KRONA
WOMAN, WOMAN
Force, FORCE
BONDS, BONDS
Merit, MERIT
TIBCO, TIBCO
iCoin, ICOIN
medal, MEDAL
Holograph, HOLOG
XCPMRCAM, XCPMRCAM
ForumCoins, FORUM
Netherland, NETHE
Primo, PRIMO
GIZ, GIZ
GigaCoin, GIG
Ucoin, UCOIN
Hansecoin, HANSE
Latvia, LATVI
Sonar, SONAR
AMAZON, AMZN
Serbia, SERBI
Booty, BOOTY
Document, DOCMT
House, HOUSE
Shanghai, SHANG
Sofia, SOFIA
PowerRange, PRANG
Houston, HOUST
Shantou, SHANT
LOOT, LOOT
RiceCoin, RICE
Guarany, GUA
Hanoi, HANOI
Lucky, LUCKY
Airport, AIRPO
INPUT, INPUT
VendyCoin, VENDY
ccedk, CCEDK
Penny, PENNY
SPORT, SPORT
XCPPENIS, XCPPENIS
Quack, QUACK
Rugby, RUGBY
Bitcoins, BTCXX
LoanCoins, LOAN
BLADE, BLADE
Ripple, RIPPL
SURYA, SURYA
XCPSKUL, XCPSKUL
SPRTS, SPRTS
Bladecoin, BLA
Agreement, AGREE
Buck, BUCK
TrinaryPro, TPROC
RodeoDrive, RODEO
Magnet, MAGNE
BRASS, BRASS
Magnum, MAGNM
Comicbook, CBOOK
College, COLLE
ATARI, ATARI
BLITZ, BLITZ
REP, REP
Hologram, HGRAM
Disney, DISNY
FCS, FCS
nPlatinum, NPLAT
LFO, LFO
Knight, KNIGH
Clubs, CLUBS
Advertise, ADVER
SVMAY, SVMAY
Fire-Ice, FICE
XCPOAZT, XCPOAZT
SAfrica, SAFRI
flare, FLARE
Funkycoin, FUNKY
Satan, SATAN
CRIME, CRIME
Currency, CURRY
SanJose, SANJO
Cracker, CRAKR
Pussy, PUSSY
FreqFlyer, FLYER
FILES, FILES
Project13, PXIII
Dailycoin, DAILY
BTX, BTX
Drone, DRONE
DRAFTCOIN, DRAFT
Cannabiscoin, CAN
Twttr, TWTTR
Wales, WALES
EBOLA, EBOLA
HAIER, HAIER
CAD, CAD
ZZZZZ, ZZZZZ
Telecom, TELCO
KickAss, KICKA
Drink, DRINK
PIXEL, PIXEL
ASIA, ASIA
Gigabit, GIGAB
PAPER, PAPER
Blood, BLOOD
Finland, FINLA
Kickstart, KICKS
AIB, AIB
Manila, MANIL
STAKE, STAKE
Zerocoin, ZEROC
Cable, CABLE
Freedom, LIBER
STUDY, STUDY
BanxShares, BANXS
nxtSilver, SILVR
OTHER, OTHER
ZRC, ZRC
SMOKE, SMOKE
JAPAN, JAPAN
CoinJoin, CJOIN
Ghana, GHANA
Ingot, INGOT
Noodl, NOODL
NIKE, NIKE
Wuhan, WUHAN
Dollars, DOLAR
FortWorth, FORTW
Saint, SAINT
Gigahashes, GHS
INDIA, INDIA
WhistleCoin, WSTL
MidasCoin, MID
Aloha, ALOHA
nSilver, NSILV
MIS, MIS
Audio, AUDIO
Promo, PROMO
Pluto, PLUTO
Spydr, SPYDR
Website, WEBSI
Busan, BUSAN
BigBang, BBANG
TOTAL, TOTAL
Check, CHECK
Billion, BILLI
Raffle, RAFFL
KOPER, KOPER
URC, URC
DogeGoreCoin, DGORE
Cellphone, CELLP
bcoin, BCOIN
Lunar, LUNAR
Contract, CONTR
Bills, BILLS
Relaxcoin, RELAX
DOGEBLACK, DOGEBC
Killzone, KILLZ
baozi, BAOZI
BOOKS, BOOKS
Suzhou, SUZHO
APESO, APESO
XLM, XLM
Phantom, PHANT
LosAngeles, LOSAN
SuperComp, SCOMP
Ludiccoin, LUDIC
Fiber, FIBER
BuenosAire, BUENO
Chain, CHAIN
LUDIK, LUDIK
LitecoinDark, LTCD
PHONE, PHONE
TESTINGCOI, TESTC
TestMark, TESTM
Karachi, KARAC
Third, THIRD
INDBT, INDBT
NewYork, NEWYK
NuBit, NUBIT
Karat, KARAT
USdollar, USDXX
Liang, LIANG
SHI, SHI
Post, POST
ZigBee, ZIGBE
Krypt, KRYPT
LAMBO, LAMBO
PULSE, PULSE
London, LONDN
NASA, NASA
MGW, MGW
Magnetz, MGT
Euphoria, EUPH
LUX, LUX
Tetra, TETRA
Diode, DIODE
IDEA, IDEA
SPHR, SPHR
OCTO, OCTO
Tetris, TETRS
Xboxx, XBOXX
NXTMetalAu, NMAUA
TENNET, TENNET
EBS, EBS
Hotel, HOTEL
QTZ, QTZ
BitBean, BITB
Boeing, BOEIN
Chemnitz, CHMNZ
Secret, SECRT
ASIAN, ASIAN
Qcoin, QCOIN
Chongqing, CHONG
BITZ, BITZ
Vista, VISTA
Answer, ANSWR
SilkRoad, SILKR
XG, XG
vTorrent, VTR
Berry, BERRY
Landcoin, LND
Ducat, DUCAT
Shekel, SHEKE
Match, MATCH
Nickel, NICKE
Privacy, PRVCY
XSEED, XSEED
VEGAN, VEGAN
CRAVE, CRAVE
AAAAA, AAAAA
BTCARace2, IOOIO
AAAAB, AAAAB
quantum, QNTUM
Bluetooth, BLUET
lcoin, LCOIN
Spice, SPICE
Raha, RAHA
GLIDE, GLIDE
HRYVNIA, HRYVN
ROCKS, ROCKS
Films, FILMS
PrismCoin, PRISM
Bliss, BLISS
Hoard, HOARD
nuomi, NUOMI
UseCryptos Share, UCS
DMark, DMARK
Gamma, GAMMA
yunbi, YUNBI
mayun, MAYUN
DraTourism, DTT
Class, CLASS
UciCoin, UCI
Node, NODE
StorjcoinX, STORX
RabbitCoin, RBT
Maieuticoin, M
STORV, STORV
Molecule, MOLEC
ScotsPence, PENCE
UBERX, UBERX
BEAN, BEAN
BITCH, BITCH
STORM, STORM
Storage, STORG
CONIO, CONIO
StoreCoins, STORE
GPH, GPH
LeetCoin, LEET
WISH, WISH
Watch, WATCH
Aquaman, AQUAM
ECHIP, ECHIP
Safari, SAFAR
Wages, WAGES
Wager, WAGER
Poland, POLAN
glycoin, GLYCO
SpiderMan, SPDRM
asset, ASSET
PilaCoin, PILAC
NYPD, NYPD
FXAUG, FXAUG
CeBIT, CEBIT
Message, MESSG
ALIEN, ALIEN
Geico, GEICO
Yoshi, YOSHI
Chance, CHANC
Argentina, ARGEN
IRAN, IRAN
AEIOU, AEIOU
DASH, DASH
WuTangCoin, WTANG
IRAQ, IRAQ
SALON, SALON
Hyderabad, HYDER
JoinMarket, JOINM
TernaryCom, TERNC
Clone, CLONE
Ternary, TERNA
Award, AWARD
Joint, JOINT
Rogue, ROGUE
Wearable, WEARA
TernaryPro, TERNP
CHESS, CHESS
GUESS, GUESS
SHORT, SHORT
Group, GROUP
PORNcoin, PORN
Alberta, ALBER
CURA, CURA
Emerald, EMRLD
Grain, GRAIN
SKB, SKB
Spielcoin, SPIEL
Korea, KOREA
EDINBURGH, EDINB
Erzgebirge, ERZGB
GrandTheft, GTAUT
Service, SERVC
DOBIS, DOBIS
Tennis, TENNI
VIDEO, VIDEO
DIATE, DIATE
Health, HEALT
GEO, GEO
GEN, GEN
Messenger, MSNGR
Taler, TALER
MASON, MASON
DGMS, DGMS
Remit, REMIT
LIMA, LIMA
Minor, MINOR
IOOII, IOOII
AdCoin, ADCOI
BITCNY, BITCNY
Lahore, LAHOR
mcoin, MCOIN
Bentley, BENTL
Nxttycoin, NMAC
qubit, QUBIT
OptimumCoin, OPTI
APPLE, APPLE
Hummer, HUMER
CBJMS, CBJMS
Zynga, ZYNGA
Phase, PHASE
Aplication, APPLY
Simpsons, SIMPS
Human, HUMAN
BaliCoins, BALI
Magi, XMG
Cover, COVER
Chevy, CHEVY
PaisaNepal, PAISA
XCP-SMALLBIT, XCPSBT
SLIPFETE, SLIP
XMS, XMS
Jakarta, JKRTA
CompSci, COMPS
Compute, COMPT
Computer, COMPU
WBB, WBB
Alcohol, ALCOH
QuantumDot, QTDOT
BARCA, BARCA
Ideal, IDEAL
BTMAY, BTMAY
Shuffle, SHUF
Dusseldorf, DUSSE
Thailand, THAIL
Swisscoin, SWISS
Magazine, MAGAZ
STEVE, STEVE
iTunes, ITUNE
Saffron, SAFFR
GANDI, GANDI
Melbourne, MELBO
GOOG, GOOG
STYLE, STYLE
Export, EXPOR
FOOTY, FOOTY
Zelda, ZELDA
Football, FOOTB
REXIO, REXIO
NORTH, NORTH
WHITE, WHITE
Social, SOCIA
Plant, PLANT
NxttyCoin, NXTTY
CYT, CYT
Tampa, TAMPA
Whale, WHALE
FBaseball, FBASE
Motorola, MOTRL
Three, THREE
FBasketbal, FBASK
DARK, DARK
Cryptocoin Inc. Shares, CCI
PartyCoins, PARTY
Ordercoin, ORDER
CCC, CCC
Qbert, QBERT
POKER, POKER
ReXistance, REXIS
Scion, SCION
Pokemon, POKEM
Terminator, TERMI
TWLV, TWLV
PORTO, PORTO
CWorkCoin, CWORK
Nepal, NEPAL
FamilyGuy, FMGUY
P7C, P7C
Hockey, HOCKY
Portugal, PORTU
RURNXT, RURNX
OK, OK
UNLSH, UNLSH
WorldCup, WDCUP
UNLSD, UNLSD
XmenX, XMENX
COLCFS, COLCFS
ABOUT, ABOUT
Armor, ARMOR
Princeton, PRINC
NxtShop, SHOPS
Print, PRINT
Blocknet shares, BLOCK
happiness, HAPPY
TREESHARE, TRESX
ONIDA, ONIDA
Default, SHAME
CaptKirk, CKIRK
ncoin, NCOIN
AMP, AMP
AMS, AMS
Audi, AUDI
Metropolis, CREDS
TOKIO, TOKIO
Oceancoin, OCEAN
Kabul, KABUL
EURNXT, EURNX
Morocco, MOROC
SYRIA, SYRIA
Mystery, MYSTR
BAIDU, BAIDU
LIVRE, LIVRE
GiftCoins, GIFT
Pinterest, PINTR
StorjCoins, STORJ
KenoCoins, KENO
INVAP, INVAP
XCP-SCOTCOIN, XCPSCO
Vixen, VIXEN
NEM, NEM
Munich, MUNIC
DrWho, DRWHO
Achilles, ACH
FUCKS, FUCKS
XNA, XNA
Spock, SPOCK
Hollywood, HOLLY
NEU, NEU
BUDS, BUDS
mHash, MHASH
Zoosk, ZOOSK
SUNNY, SUNNY
NEWEURO, NEWEU
 LTC,  LTC
Catch, CATCH
EARTH, EARTH
Lumus, LUMUS
TORonion, TORON
Yacht, YACHT
AOOIO, AOOIO
AOOII, AOOII
ACHK, ACHK
ebay, EBAY
CREVA, CREVA
Wings, WINGS
Bible, BIBLE
LAARI, LAARI
Stanford, STANF
Carat, CARAT
Equal, EQUAL
Renminbi, RENMI
Xgame, XGAME
Mexico, MEXIC
eMark, EMARK
Guangzhou, GUANG
PimpCash, PIMP
LandcoT, LNDTE
LOCKS, LOCKS
TB, TB
Macallan, MACAL
VespaCoin, VESPA
KingCoin, KING
DailyBeast, DBEST
AeroME, AM
FHockey, FHOCK
TNZ, TNZ
TNG, TNG
Belgium, BELGI
Split, SPLIT
HAITI, HAITI
Seven, SEVEN
BitShares, BITSH
Elvis, ELVIS
ARIKA, ARIKA
NakamotoDark, NKT
Tattoo, TATTO
Paypal, CISPA
Second, SECND
HoChiMin, HOCHI
ALLAH, ALLAH
Random, RANDO
PORNO, PORNO
CoinShuffl, CSHUF
BITGLD, BITGLD
CPT, CPT
BUDDA, BUDDA
DRKT, DRKT
Istanbul, ISTAN
Odessa, ODESS
Mario, MARIO
Marijuana, MARIJ
ODESK, ODESK
RioJaneiro, RIODE
ePayz, EPAYZ
FetishCoin, FETISH
Heineken, HEINE
VOYA, VOYA
Bogota, BOGOT
Trial02, OOOOX
Peach, PEACH
Banka, BANKA
PEACE, PEACE
OOOOI, OOOOI
HZT, HZT
Gamecurren, GCURR
Pesos, PESOS
BANKS, BANKS
Token, DREAM
Harvard, HRVRD
KINKY, KINKY
PHOTO, PHOTO
Alipaycoin, ALI
CoinWorksCoin, LAB
DenHaag, DHAAG
gizmo, GIZMO
Euros, EUROS
Canada, CANAD
MOVIE, MOVIE
Nagoya, NAGOY
DOLLA, DOLLA
BIXEE, BIXEE
URO Dark, UROD
Honor, HONOR
DOLLR, DOLLR
DOLLS, DOLLS
DOUGH, DOUGH
Reddit, REDDI
NetRuble, NTRUB
Cambridge, CAMBR
LATINO, LATNO
wandou, WANDO
IMACredit, IMAC
Ferro, FERRO
Milano, MLANO
Tether, USDT
Encryption, ENCRP
Extra, EXTRA
NxtSecure, SCURE
Encrypt, ENCRY
CryptoBancor, CBR
KoboCoin, KOBO
BlackWidow, BWIDO
Videogame, VGAME
Crypto Bullion, CBX
NewYorkCty, NYORK
gcoin, GCOIN
TrinaryCom, TCOMP
CPTCHILL, CPTCH
NASDAQ, NASDA
GIMPcoin, GIMP
heart, HEART
Windows, WINDO
point, POINT
DRUGS, DRUGS
Points, POINZ
MAZDA, MAZDA
EndGame, ENDGA
Wordpress, WORDP
SOIL, SOIL
GLASSYNERG, GLSYN
Russia, RUSSI
Omega, OMEGA
WOMEN, WOMEN
Album, ALBUM
Burgercoin, BURGR
XNEM, XNEM
B1BL3Coin, B1BL3
Euro, EURO
Lyth, LYTH
Ruble, RUBLE
Queen, QUEEN
Mark, MARK
Rubles, RUBLS
RADIO, RADIO
XDATA, XDATA
Drupal, RUPAL
Truck, TRUCK
Rotterdam, ROTTE
Atlanta, ATLAN
tudou, TUDOU
BITEUR, BITEUR
INFIN, INFIN
greek, GREEK
GREEN, GREEN
Ermiscoin, ERM
Greece, GREEC
Afri, AFRI
Afro, AFRO
RasPi, RASPI
Greed, GREED
Quarter, QUART
Trend, TREND
IMAGEcoin, IMAGE
Bulls, BULLS
MYBTC, MYBTC
Shenyang, SHENY
Shenzhen, SHENZ
IPPANCOIN, IPPAN
NobleNXT, NOXT
Property, PROPE
FIXMECOIN, FIXME
Scores, SCORS
Ireland, IRELA
HUGE, HUGE
Prophet, PROPH
Banx shares, BANX
SCORE, SCORE
Prada, PRADA
Technology, TECHN
HGC, HGC
dinar, DINAR
ATLUS, ATLUS
JINN, JINN
SkyDrive, SKYDR
Twimt, TWIMT
Africa, AFRCA
Pinoy, PINOY
TAXI, TAXI
GOOGLECOIN, GOOGL
Rand, RAND
GDAUG, GDAUG
Google, GOOGE
Taint, TAINT
Surabaya, SURAB
ARAB, ARAB
GoogleX, GOOGX
ARUBA, ARUBA
Truth, TRUTH
DUTCH, DUTCH
Surat, SURAT
Exercise, FAVOR
EGG, EGG
PONZI, PONZI
Firefox, FIREF
Zerocash, ZCASH
ImperiumCoin, IMPC
GRCX, GRCX
Firewall, FIREW
Philadelph, PHILA
Twenty15, 2015
Amsterdam, AMSTE
IBALL, IBALL
Pounds, PONDS
Copenhagen, COPEN
Coops, COOPS
MTest, MTEST
Tokyo, TOKYO
R3D, R3D
MMNXT, MMNXT
COL-DilBitcoinCryptoCurrencySeriesA, COLDBC
bolts, BOLTS
Transform, TRANS
Stockholm, STOCK
Links, LINKS
Cairo, CAIRO
Linkedin, LINKD
eEURO, EEURO
Gecko, GECKO
Fudcoin, FUD
ORAshuffle, XOS
BLIND, BLIND
BLING, BLING
Egypt, EGYPT
DarthVader, DARTH
Malaysia, MALAY
Mojocoin, MOJO
PKB, PKB
MMMMM, MMMMM
BURRITO, BURTO
Nanotech, NTECH
Ontario, ONTAR
Subscribe, SUBSC
Zurich, ZURIC
CoinShield, CSD
CSA, CSA
Landco, LNDCO
DIGS, DIGS
Stealth, STLTH
WOC, WOC
Cosmo, COSMO
DataBank, DBANK
TheBigBang, BIGBT
Cosmic, COSMI
GheSboro, SBORO
MIXIT, MIXIT
COL-21xhipster, COLXHIPS
MoorCoin, MOOR
Mixing, MIXIN
Nanjing, NANJI
Steel, STEEL
Trits, TRITS
CoinMarketsCoin, JBS
Clock, CLOCK
NewEarth, NETCU
Scramble, SCRAM
CaptMarvel, CMARV
MonetaryUnit , MUE
DEATH, DEATH
Nairobi, NAIRO
GRAV, GRAV
Harbin, HARBI
TOSCH, TOSCH
URANM, URANM
Manga, MANGA
Brown, BROWN
VIZIO, VIZIO
NYLON, NYLON
Gambler, GAMBR
DarkGold, DGD
XCPBXSX, XCPBXSX
Digital, DIGTL
Australia, XEAUD
Gamble, GAMBL
NXTshuffle, MIXUP
kabam, KABAM
DUB, DUB
ESilver, SLVER
IBIZA, IBIZA
SAHARA, SAHRA
BLUE, BLUE
Batman, BATMN
OmegaCoin, OMA
Alexandria, ALEXA
ccoin, CCOIN
DoedelCoin, DOEDL
ycoin, YCOIN
DarkKush, DANK
Taobao, TAOBA
MOBILE, MOBIL
MCARD, MCARD
Lemons, LEMON
SLFI, SLFI
ENVOY, ENVOY
Helmi, HELMI
BLACK, BLACK
LTBcoin, LTBCO
Python, PYTHN
SKUNK, SKUNK
Cyborg, CYBOR
Gravy, GRAVY
Dallas, DALLA
Torch, TORCH
FastTech, FASTW
Caviar, CAVIA
Fifty, FIFTY
NanoWish, NWISH
USDNXT, USDNX
Enroll, ENROL
Simoleon, SIMOL
Jewel, JEWEL
Thing, THING
PVhistoire, PVHIS
KARMA, KARMA
Xenon, XENON
SterlingCoin, SLG
THINK, THINK
Right, RIGHT
Mongolia, MONGO
REKTcoin, REKT
TOOLS, TOOLS
Float, FLOAT
Geneva, GENEV
JPY, JPY
Bengaluru, BENGA
MangoCoinz, MCZ
BDSMCoin, BDSM
ANTHONY, ANTHO
Antwerp, ANTWE
Funny, FUNNY
VENKO, VENKO
INTEL, INTEL
Eagscurrency, EAGS
INTEX, INTEX
EXP, EXP
LIQUID, LQD
Internet, INTER
GlobalBoost-Y, BSTY
TIPPP, TIPPP
Smartwatch, SMRTW
VNL, VNL
Demon, DEMON
Global, GLOBA
Smartphone, SMRTP
ADDON, ADDON
Mozilla, MOZIL
SongCoin, SONG
COULD, COULD
Doodle, DOODL
Magik, MAGIK
REHAB, REHAB
ADMT, ADMT
Sony, SONY
Deposit, DEPOS
Cetuscoin, CETI
CRAZY, CRAZY
Server, SERVR
XCPJENGA, XCPJENGA
ShawnCoin, SHAWN
KITTY, KITTY
Hawaii, HAWAI
Nord, NORD
Spoof, SPOOF
FifaCoins, FIFA
PlayStatio, PLAYS
Player, PLAYR
LIGHT, LIGHT
Players, PLAYE
GetHigh, GETHI
Sapphire, SAPPH
Herbs, HERBS
_VIOR, _VIOR
MALI, MALI
BitSwift, SWIFT
gHash, GHASH
moola, MOOLA
OFFS, OFFS
Metro, METRO
Switzerlan, SWITZ
XRA, XRA
Bahamas, BAHAM
YouKu, YOUKU
Libra, LIBRA
Liberty, LIBRE
Bricks, BRICK
LoyaltyPnt, LOYLT
Universe, UNIVS
University, UNIVR
OPT, OPT
MoorCoins, MOORA
MoorCoins, MOORC
Trace, TRACE
Track, TRACK
Tmall, TMALL
Thorumhaim, TORUM
TRACY, TRACY
BitTorrent, BTORR
BingoCoins, BINGO
Multicoin, MULTI
Title, TITLE
ICASH, ICASH
SEXY, SEXY
SIDHE, SIDHE
Israel, ISRAE
Avengers, AVENG
onion, ONION
Jordan, JORDA
HIPHOP, HPHOP
Securitysyscoin, SCSY
Coinflip, CFLIP
Dividend, DVDND
NonProfit, NPROF
MOTOR, MOTOR
Detroit, DETRO
EGMA, EGMA
PALEO, PALEO
Lottery, LOTTO
Xianyang, XIANY
FADE, FADE
FreeCoins, FREE
Market, MARKT
SquareBit, SBIT
FUSE, FUSE
Beans, BEANS
Marks, MARKS
Melon, MELON
Theta, THETA
IEC, IEC
badge, BADGE
Obscurebay, OBS
NxtAcademy, ACDMY
Android, DROID
eJUAN, EJUAN
Lihue, LIHUE
nGold, NGOLD
Sogou, SOGOU
NuBits2, XNBTX
Visa, VISA
Abundance, ABC2
Skoda, SKODA
JAHWE, JAHWE
COLPEC, COLPEC
16BIT, 16BIT
CMCSA, CMCSA
LUCK, LUCK
YUANZ, YUANZ
Delhi, DELHI
Yuans, YUANS
Qatar, QATAR
Comicbooks, COMBK
BonusCoin, BOCOI
McCoy, MCCOY
Bunnycoin, BUNNY
GasCoin, GAS
Flattr, FLTTR
Gapcoin, GAP
LISBOA, LISBO
Lisbon, LISBN
GAM, GAM
Aflac, AFLAC
Empire, EMPIR
MTR, MTR
SEXXXCOIN, SEXXX
MALTA, MALTA
Alias, ALIAS
Circle, CIRCL
Massi, MASSI
BumbaCoin, BUMBA
MAPC, MAPC
TIMMY, TIMMY
ARB, ARB
Delta, DELTA
Aricoin, ARI
BitMiles, BTMI
Atsala, ATSAL
forkk, FORKK
Sword, SWORD
GlowShares, GSX
Backup, BACKU
DeafDollars, DEAF
Sooncoin, SOON
BT, BT
Borgcoin, BORG
Hillot, HILLO
GSM, GSM
EmailCoins, EMAIL
Phoenix, PHOEN
FIVER, FIVER
SaoPaulo, SAOPA
Hacker, HACKR
Snapcash, SNAPC
Quake, QUAKE
TexasHoldm, TEXHO
FIRST, FIRST
BitCoinFast, BCF
VALVE, VALVE
BAHT, BAHT
Clear, CLEAR
Ukraine, UKRAI
SUPERNET, SPRNT
Sapience, XAI
PARTS, PARTS
Arrow, ARROW
Pools, POOLS
Frankfurt, FRANF
Cisco, CISCO
SuperBUCKS, BUXXS
SRANG, SRANG
TREE, TREE
Chart, CHART
XXXXX, XXXXX
Charity, CHARI
Barbecue, BBQCH
Introcoin, INTRO
Charm, CHARM
Squall Coin, SQL
BTCRY, BTCRY
SOUND, SOUND
Superman, SUPRM
Humor, HUMOR
ScatterCoin, XSTC
EBITS, EBITS
Hertz, HERTZ
CUBE, CUBE
Quicksilvercoin, QSLV
iCloud, ICLOU
Memes, MEMES
VOXEL, VOXEL
Austria, AUSTR
PirateBay, TPBAY
Healthcare, HCARE
RedOakCoin, ROC
Tails, TAILS
ETIPSCOIN, ETIPS
RosCoin, ROS
COLKLIPP, COLKLIPP
8BIT, 8BIT
Cornn, CORNN
TopCoinV2, TOPV2
GUCCI, GUCCI
MIXER, MIXER
iPhone, IPHON
Actifs, ACTIF
Dimes, DIMES
Reefer, REEFR
Cobra, COBRA
Satoshi, SATOS
MysteryCoin, MYST
UP, UP
Voxels, VOX
Slate, SLATE
Scanner, SCANN
Germany, GERMA
Cross, CROSS
Xiaomi, XIAOM
Modelcoin, MODEL
PonziWeek, PONZW
Captain, CAPTA
Vietnam, VIETN
PreminePlus, PMP
Alipay, ALIPY
FELIXcoin, FELIX
FAST, FAST
Infinity, INFNY
GRAM, GRAM
BOTTLECAPS, BCAPS
Closure, CLOSE
Bollywood, BOLLY
MINE, MINE
Million, MILLI
GALLICOIN, GALLI
GODADDY, DADDY
DUFF, DUFF
AVAYA, AVAYA
Pentagon, PENTA
INCUT, INCUT
Quezon, QUEZO
COLBTS, COLBTS
Ethereum, ETHRM
IndyCoin, INDY
Blogs, BLOGS
Trove, TROVE
DRIVE, DRIVE
MANAT, MANAT
Ankara, ANKAR
Science, SCIEN
Blogger, BLOGG
Program, PROGR
TITAN, TITAN
Boston, BOSTO
cfUSD, CFUSD
XCPEPE, XCPEPE
Jones, JONES
PlayCoins, PLAY
Snowballs, BALLS
CUBA, CUBA
CocaCola, COKE
Candy, CANDY
Donut, DONUT
UCoin, U
FGolf, FGOLF
Local, LOCAL
HACEB, HACEB
ENVY, ENVY
Venezolana, VNZLA
DowJones, DOWJS
GENESIS, XCODE
EbookCoins, EBOOK
Network, NEXUS
XGOLD, XGOLD
