symbol,name,earliest_trade_date,earliest_mention_date,user1,user1_url1,user1_date1
DRZ,Droidz,2015-04-27,2015-04-14,DRZ,https://bitcointalk.org/index.php?topic=1024845.0,2015-04-14
TIX,Tickets,2013-11-03,2013-09-20,Lottery Tickets,https://bitcointalk.org/index.php?topic=297666.0,2013-09-20
CKC,Checkcoin,2014-09-19,2014-07-29,BitsendInc,https://bitcointalk.org/index.php?topic=715563.0,2014-07-29
MONETA,Moneta,2015-10-24,2015-10-19,moneta-dev,https://bitcointalk.org/index.php?topic=1214522.0,2015-10-19
CANN,CannabisCoin,2014-08-02,2014-06-07,CannabisCoinDev,https://bitcointalk.org/index.php?topic=643774.0,2014-06-07
XJO,Joulecoin,2013-12-06,2013-09-22,JohnJoule,https://bitcointalk.org/index.php?topic=299308.0,2013-09-22
CPC,Capricoin,2015-07-23,2015-07-20,CapricoinOfficial,https://bitcointalk.org/index.php?topic=1129322.0,2015-07-20
BOT,Botcoin,2015-09-08,2015-08-31,Walter Botcoin,https://bitcointalk.org/index.php?topic=1167349.0,2015-08-31
SOON,SoonCoin,2015-01-28,2014-06-25,pineapples,https://bitcointalk.org/index.php?topic=665063.0,2014-06-25
XBS,BitStake,2015-01-13,2015-01-11,Bitstake,https://bitcointalk.org/index.php?topic=920272.0,2015-01-11
TRICK,TrickyCoin,2015-03-31,2015-03-27,TrickyCoin,https://bitcointalk.org/index.php?topic=1004692.0,2015-03-27
SWARM,Swarm,2014-09-16,2014-06-24,fractastical,https://bitcointalk.org/index.php?topic=664071.0,2014-06-24
TRBO,TurboStake,2015-10-30,2015-10-08,CryptoWiz420,https://bitcointalk.org/index.php?topic=1203357.0,2015-10-08
YUM,CandyCoin,2014-11-16,2014-04-08,candycoin,https://bitcointalk.org/index.php?topic=560940.0,2014-04-08
G3N,Genstake,2015-06-10,2015-10-11,HORT,https://bitcointalk.org/index.php?topic=1205536.0,2015-10-11
EXP,Expanse,2015-09-15,2015-08-10,CryptoClub,https://bitcointalk.org/index.php?topic=1149632.0,2015-08-10
GHC,GamerholicCoin,2014-10-10,2014-09-25,coinweaver,https://bitcointalk.org/index.php?topic=796370.0,2014-09-25
LQD,LIQUID,2015-02-06,2015-02-07,Geenstijl,https://bitcointalk.org/index.php?topic=948702.0,2015-02-07
XUP,UPcoin,2015-09-22,2015-09-16,TheTerminator,https://bitcointalk.org/index.php?topic=1182202.0,2015-09-16
BOB,Dobbscoin,2014-08-27,2014-01-10,deeppurple72,https://bitcointalk.org/index.php?topic=408969.0,2014-01-10
PAK,Pakcoin,2015-09-15,2015-06-22,drwatson84,https://bitcointalk.org/index.php?topic=1096893.0,2015-06-22
BSTY,GlobalBoost-Y,2014-10-03,2014-09-08,GlobalBoost,https://bitcointalk.org/index.php?topic=775289.0,2014-09-08
SHLD,ShieldCoin,2014-07-12,2014-07-08,shieldcoindevs,https://bitcointalk.org/index.php?topic=681570.0,2014-07-08
SAK,Sharkcoin,2015-03-08,2014-05-20,SAKTeam,https://bitcointalk.org/index.php?topic=617410.0,2014-05-20
PKB,ParkByte,2015-05-18,2015-04-29,ParkByte,https://bitcointalk.org/index.php?topic=1042054.0,2015-04-29
SHELL,ShellPay,2015-06-18,2015-05-08,ShellCoin,https://bitcointalk.org/index.php?topic=1054714.0,2015-05-08
XQN,Quotient,2014-11-23,2014-11-11,CedricQuotient,https://bitcointalk.org/index.php?topic=854299.0,2014-11-11
XRA,Ratecoin,2015-06-26,2015-07-12,presstab,https://bitcointalk.org/index.php?topic=1119477.0,2015-07-12
TCO,TacoCoin,2014-07-21,2014-06-14,bassguitarman,https://bitcointalk.org/index.php?topic=651500.0,2014-06-14
APEX,ApexCoin,2014-07-18,2014-07-11,APEXcoin_Team,https://bitcointalk.org/index.php?topic=686403.0,2014-07-11
DUO,ParallelCoin,2015-10-24,2015-06-22,marcetin,https://bitcointalk.org/index.php?topic=1097017.0,2015-06-22
COV,Coven,2015-04-21,2015-04-19,CovenDev,https://bitcointalk.org/index.php?topic=1029754.0,2015-04-19
PXI,Prime-XI,2014-10-04,2014-07-20,Percise,https://bitcointalk.org/index.php?topic=701871.0,2014-07-20
DCR,DeltaCredits,2015-08-30,2015-08-18,Gladimor,https://bitcointalk.org/index.php?topic=1155319.0,2015-08-18
RIN,Ringo,2014-08-02,2014-05-23,homhomhom,https://bitcointalk.org/index.php?topic=622288.0,2014-05-23
TIT,Titcoin,2014-08-25,2014-06-21,RobertTitCoin,https://bitcointalk.org/index.php?topic=660482.0,2014-06-21
UIS,Unitus,2015-01-12,2014-12-21,neuroMode,https://bitcointalk.org/index.php?topic=901069.0,2014-12-21
LDOGE,LiteDoge,2015-03-19,2015-06-01,heavensopen,https://bitcointalk.org/index.php?topic=1077390.0,2015-06-01
LYB,Lyrabar,2015-11-16,2015-01-28,Lyrabar,https://bitcointalk.org/index.php?topic=939208.0,2015-01-28
LTD,LimitedCoin,2015-09-15,2015-09-11,LimitedDev,https://bitcointalk.org/index.php?topic=1177493.0,2015-09-11
BITUSD,bitUSD,2014-09-23,2014-08-22,ChuckOne,https://bitcointalk.org/index.php?topic=752258.0,2014-08-22
IOC,I/O Coin,2014-08-02,2014-07-15,IO Dev Team,https://bitcointalk.org/index.php?topic=695855.0,2014-07-15
RIC,Riecoin,2014-02-27,2013-09-05,gatra,https://bitcointalk.org/index.php?topic=288065.0,2013-09-05
CHA,Chancecoin,2014-05-20,2014-03-23,magician,https://bitcointalk.org/index.php?topic=528023.0,2014-03-23
INDEX,CoinoIndex,2015-06-18,2015-07-21,sasha35625,https://bitcointalk.org/index.php?topic=1129646.0,2015-07-21
HAL,Halcyon,2014-08-19,2014-08-16,halcyondev,https://bitcointalk.org/index.php?topic=741728.0,2014-08-16
MRY,Murraycoin,2014-03-03,2014-01-20,bholzer,https://bitcointalk.org/index.php?topic=424179.0,2014-01-20
URC,Unrealcoin,2015-03-31,2015-03-23,USER211,https://bitcointalk.org/index.php?topic=1000669.0,2015-03-23
BOST,BoostCoin,2014-05-30,2014-05-09,mammix2,https://bitcointalk.org/index.php?topic=601965.0,2014-05-09
MMNXT,MMNXT,2014-10-22,2015-01-20,Nxtblg,https://bitcointalk.org/index.php?topic=930228.0,2015-01-20
URO,Uro,2014-06-12,2014-05-08,true-asset,https://bitcointalk.org/index.php?topic=600639.0,2014-05-08
XAU,Xaurum,2015-04-21,2015-02-27,Aurum Project,https://bitcointalk.org/index.php?topic=970586.0,2015-02-27
DASH,Dash,2014-02-14,2014-01-18,eduffield,https://bitcointalk.org/index.php?topic=421615.0,2014-01-18
XAI,Sapience AIFX,2014-12-25,2014-11-19,CedricQuotient,https://bitcointalk.org/index.php?topic=864895.0,2014-11-19
TRMB,TRMB,2015-05-25,2015-06-30,godda04,https://bitcointalk.org/index.php?topic=1104238.0,2015-06-30
P7C,P7Coin,2015-04-17,2015-05-10,Power7-Dev,https://bitcointalk.org/index.php?topic=1057120.0,2015-05-10
NXE,NXE,2015-03-22,2015-03-05,NXE,https://bitcointalk.org/index.php?topic=977489.0,2015-03-05
BNB,BnB Coin,2015-06-08,2015-06-03,Bnbdevteam,https://bitcointalk.org/index.php?topic=1079548.0,2015-06-03
QBK,Qibuck,2014-08-17,2014-07-27,qiwoman2,https://bitcointalk.org/index.php?topic=711987.0,2014-07-27
THC,HempCoin,2014-06-28,2014-03-08,HempCoin,https://bitcointalk.org/index.php?topic=506320.0,2014-03-08
DIGS,Diggits,2015-07-16,2015-07-03,DIGGITSquad,https://bitcointalk.org/index.php?topic=1107592.0,2015-07-03
TENNET,TenneT,2015-08-10,2015-06-19,TenneT,https://bitcointalk.org/index.php?topic=1094342.0,2015-06-19
VIA,Viacoin,2014-07-18,2014-07-18,btcdrak,https://bitcointalk.org/index.php?topic=699278.0,2014-07-18
OK,OKCash,2014-12-14,2015-04-17,OKtoshi,https://bitcointalk.org/index.php?topic=1028368.0,2015-04-17
SIB,SIBCoin,2015-09-25,2015-10-01,hot,https://bitcointalk.org/index.php?topic=1197623.0,2015-10-01
CRAIG,CraigsCoin,2014-09-30,2014-09-12,CraigsCoin,https://bitcointalk.org/index.php?topic=780334.0,2014-09-12
HNC,Helleniccoin,2015-07-21,2015-02-08,helleniccoin,https://bitcointalk.org/index.php?topic=950020.0,2015-02-08
SFR,SaffronCoin,2014-06-15,2014-04-27,saffroncoin,https://bitcointalk.org/index.php?topic=586320.0,2014-04-27
BVC,BeaverCoin,2014-10-04,2014-08-29,Sumpfbiene,https://bitcointalk.org/index.php?topic=761269.0,2014-08-29
MAID,MaidSafeCoin,2014-04-28,2014-04-19,Chang Hum,https://bitcointalk.org/index.php?topic=577149.0,2014-04-19
NTRN,Neutron,2015-04-21,2015-04-25,TeamNeutron,https://bitcointalk.org/index.php?topic=1037272.0,2015-04-25
SCOT,Scotcoin,2014-05-26,2014-04-10,retrend,https://bitcointalk.org/index.php?topic=563977.0,2014-04-10
LXC,Librexcoin,2014-08-05,2014-07-21,Librexcoindev,https://bitcointalk.org/index.php?topic=703042.0,2014-07-21
FETISH,Fetish,2014-10-20,2014-09-19,altcoin.center,https://bitcointalk.org/index.php?topic=789338.0,2014-09-19
MZC,MazaCoin,2014-02-27,2014-03-05,crazyearner,https://bitcointalk.org/index.php?topic=502628.0,2014-03-05
JUDGE,Judgecoin,2014-07-08,2014-06-26,judgecrypto,https://bitcointalk.org/index.php?topic=666335.0,2014-06-26
NAV,Navajo,2014-06-12,2014-07-06,SUM2dev,https://bitcointalk.org/index.php?topic=679791.0,2014-07-06
NIRO,Nexus,2015-01-25,2014-06-19,KryptoKash,https://bitcointalk.org/index.php?topic=657601.0,2014-06-19
BTCRY,BitCrystal,2015-03-22,2015-02-24,bitcrystal,https://bitcointalk.org/index.php?topic=966861.0,2015-02-24
SPEC,SPEC,2015-07-27,2015-06-28,SpecDevelopment,https://bitcointalk.org/index.php?topic=1102264.0,2015-06-28
ICASH,iCash,2015-03-27,2015-03-19,cryptodev35,https://bitcointalk.org/index.php?topic=996567.0,2015-03-19
DEX,InstantDEX,2014-09-14,2014-07-09,Azeh,https://bitcointalk.org/index.php?topic=684090.0,2014-07-09
GREXIT,Grexit,2015-07-23,2015-07-17,grexitcoin,https://bitcointalk.org/index.php?topic=1126239.0,2015-07-17
CRW,CrownCoin,2014-11-08,2014-10-07,jeliman,https://bitcointalk.org/index.php?topic=815487.0,2014-10-07
EMC,EmerCoin,2014-08-23,2013-12-08,Fixx,https://bitcointalk.org/index.php?topic=362513.0,2013-12-08
FIBRE,Fibre,2014-08-30,2014-08-13,killakem,https://bitcointalk.org/index.php?topic=737771.0,2014-08-13
OC,OrangeCoin,2014-05-13,2014-04-23,Orangecoin,https://bitcointalk.org/index.php?topic=581894.0,2014-04-23
BELA,BellaCoin,2014-03-20,2014-01-29,twoturtles,https://bitcointalk.org/index.php?topic=437825.0,2014-01-29
CHIP,ChipCoin,2015-08-04,2015-07-25,Chips,https://bitcointalk.org/index.php?topic=1134886.0,2015-07-25
XLB,Libertycoin,2014-05-13,2014-05-08,Libertycoin,https://bitcointalk.org/index.php?topic=600322.0,2014-05-08
NXTCOINSCO,Tradebots,2014-10-04,2014-08-30,jl777,https://bitcointalk.org/index.php?topic=762346.0,2014-08-30
CGN,KolschCoin,2015-04-21,2015-04-10,TillKoeln,https://bitcointalk.org/index.php?topic=1019421.0,2015-04-10
DETH,DarkEther,2015-08-10,2015-08-09,DarkEther,https://bitcointalk.org/index.php?topic=1148229.0,2015-08-09
DEM,Deutsche eMark,2013-12-14,2013-10-15,Bzzzum,https://bitcointalk.org/index.php?topic=310939.0,2013-10-15
QSLV,Quicksilver,2014-11-13,2014-10-31,QuicksilverCoin,https://bitcointalk.org/index.php?topic=842240.0,2014-10-31
COINO,CoinoUSD,2014-12-25,2015-03-23,coinomat.com,https://bitcointalk.org/index.php?topic=1000725.0,2015-03-23
SCRT,SecretCoin,2015-11-16,2015-08-25,TeamSecret,https://bitcointalk.org/index.php?topic=1161754.0,2015-08-25
UNC,UNCoin,2015-03-22,2015-03-07,invt2424,https://bitcointalk.org/index.php?topic=979543.0,2015-03-07
XSI,StabilityShares,2014-04-23,2014-04-16,cryptonewbie,https://bitcointalk.org/index.php?topic=572508.0,2014-04-16
VIOR,Viorcoin,2014-11-23,2015-05-07,MikeMike,https://bitcointalk.org/index.php?topic=1053087.0,2015-05-07
ZNY,Bitzeny,2015-07-09,2014-11-07,bitzeny,https://bitcointalk.org/index.php?topic=849994.0,2014-11-07
BLOCK,Blocknet,2014-11-01,2014-10-20,synechist,https://bitcointalk.org/index.php?topic=829576.0,2014-10-20
TRON,Positron,2015-04-14,2015-04-11,positrondev,https://bitcointalk.org/index.php?topic=1021029.0,2015-04-11
NEU,NeuCoin,2015-09-25,2015-02-03,Sandrine89,https://bitcointalk.org/index.php?topic=944933.0,2015-02-03
MUSE,MUSE,2015-05-07,2015-10-23,StanLarimer,https://bitcointalk.org/index.php?topic=1217871.0,2015-10-23
SLING,Sling,2015-04-21,2015-04-20,DG.Slayer,https://bitcointalk.org/index.php?topic=1032166.0,2015-04-20
KORE,KoreCoin,2014-06-21,2014-06-28,Eurbids,https://bitcointalk.org/index.php?topic=668886.0,2014-06-28
PLNC,PLNcoin,2014-04-15,2014-03-10,WalutowyKrol,https://bitcointalk.org/index.php?topic=509433.0,2014-03-10
PTC,Pesetacoin,2014-02-22,2014-01-07,CryptoMP,https://bitcointalk.org/index.php?topic=403378.0,2014-01-07
CRAVE,Crave,2015-03-26,2015-03-20,industrialcoinmagic,https://bitcointalk.org/index.php?topic=997356.0,2015-03-20
CAIX,CAIx,2014-04-15,2014-03-13,Caishen_Project,https://bitcointalk.org/index.php?topic=513613.0,2014-03-13
ROX,ROXcoin,2014-07-01,2014-06-28,Roxcoin,https://bitcointalk.org/index.php?topic=668876.0,2014-06-28
BUK,CryptoBuck,2014-10-04,2013-08-31,CryptoBuck,https://bitcointalk.org/index.php?topic=285224.0,2013-08-31
PSEUD,PseudoCash,2014-07-21,2014-07-03,pseudocoin,https://bitcointalk.org/index.php?topic=676343.0,2014-07-03
CAID,Coinaid,2015-09-15,2015-09-05,crunck,https://bitcointalk.org/index.php?topic=1171544.0,2015-09-05
SANDG,Save and Gain,2015-10-12,2015-06-16,crunck,https://bitcointalk.org/index.php?topic=1091306.0,2015-06-16
XDQ,Dirac,2014-05-26,2014-05-19,coinweaver,https://bitcointalk.org/index.php?topic=616288.0,2014-05-19
XDP,Dogeparty,2014-08-28,2014-07-23,dogeparty,https://bitcointalk.org/index.php?topic=706739.0,2014-07-23
BUB,Bubble,2015-05-07,2015-05-01,MakingBubbles,https://bitcointalk.org/index.php?topic=1044272.0,2015-05-01
OSC,OpenSourcecoin,2014-03-15,2013-08-06,r3wt,https://bitcointalk.org/index.php?topic=268705.0,2013-08-06
PTS,BitShares PTS,2013-11-21,2013-11-05,FreeTrade,https://bitcointalk.org/index.php?topic=325261.0,2013-11-05
MNE,Munne,2014-10-25,2014-09-26,Mchrono,https://bitcointalk.org/index.php?topic=797828.0,2014-09-26
WS,Woodshares,2015-07-02,2015-04-12,KrLos,https://bitcointalk.org/index.php?topic=1022416.0,2015-04-12
8BIT,8Bit,2015-04-18,2015-04-17,8bitproject,https://bitcointalk.org/index.php?topic=1028119.0,2015-04-17
TRI,Triangles,2014-07-21,2014-07-16,3angle,https://bitcointalk.org/index.php?topic=697634.0,2014-07-16
USDE,USDe,2014-02-06,2014-01-11,USD-e,https://bitcointalk.org/index.php?topic=410254.0,2014-01-11
TRK,Truckcoin,2014-07-16,2014-07-29,noise23,https://bitcointalk.org/index.php?topic=716182.0,2014-07-29
TAGR,TAGRcoin,2015-07-16,2015-06-18,Tagr.Dev,https://bitcointalk.org/index.php?topic=1092796.0,2015-06-18
SKB,SkullBuzz,2015-10-14,2015-05-20,SkullBuzz,https://bitcointalk.org/index.php?topic=1066128.0,2015-05-20
CAPT,CAPTcoin,2014-08-20,2014-07-09,EcuaMobi,https://bitcointalk.org/index.php?topic=683776.0,2014-07-09
UNIC,UniCoin,2015-06-14,2013-12-30,Teamunicoin,https://bitcointalk.org/index.php?topic=392204.0,2013-12-30
TRC,Terracoin,2013-04-28,2012-10-31,celkaris,https://bitcointalk.org/index.php?topic=121405.0,2012-10-31
DOGED,DogeCoinDark,2014-10-25,2014-10-09,Dogedarkdev,https://bitcointalk.org/index.php?topic=817937.0,2014-10-09
WOP,WorldPay,2015-10-12,2015-10-07,WorldPay,https://bitcointalk.org/index.php?topic=1202899.0,2015-10-07
GCN,GCoin,2014-11-16,2014-04-04,Mr G,https://bitcointalk.org/index.php?topic=556746.0,2014-04-04
GCC,GuccioneCoin,2015-08-20,2015-06-25,GCCTeam1,https://bitcointalk.org/index.php?topic=1099201.0,2015-06-25
SHA,SHACoin,2014-06-25,2014-03-17,matt4054,https://bitcointalk.org/index.php?topic=518895.0,2014-03-17
SJCX,Storjcoin X,2014-08-20,2014-07-20,Storj,https://bitcointalk.org/index.php?topic=702602.0,2014-07-20
KOBO,Kobocoin,2015-02-15,2015-01-11,TheTribesman,https://bitcointalk.org/index.php?topic=920290.0,2015-01-11
EFL,Electronic Gulden,2014-03-26,2014-03-19,ElectronicGulden,https://bitcointalk.org/index.php?topic=522661.0,2014-03-19
VCN,Vcoin,2015-06-10,2015-05-13,chrisvl,https://bitcointalk.org/index.php?topic=1059746.0,2015-05-13
SHF,Shift,2015-09-05,2015-08-17,ShiftTeam,https://bitcointalk.org/index.php?topic=1155284.0,2015-08-17
RT2,RotoCoin,2014-03-29,2014-03-15,Rotocoin,https://bitcointalk.org/index.php?topic=516138.0,2014-03-15
PMP,PreminePlus,2014-10-20,2014-07-02,TheMightyX,https://bitcointalk.org/index.php?topic=673760.0,2014-07-02
SPRTS,Sprouts,2015-07-21,2015-06-30,MrEggman,https://bitcointalk.org/index.php?topic=1103868.0,2015-06-30
CLV,CleverCoin,2015-05-13,2015-05-08,clevercryptodev,https://bitcointalk.org/index.php?topic=1054615.0,2015-05-08
UNIT,Universal Currency,2015-05-07,2015-04-25,carboncredit,https://bitcointalk.org/index.php?topic=1037825.0,2015-04-25
COOL,CoolCoin,2014-06-28,2014-05-08,CoolloveCoin,https://bitcointalk.org/index.php?topic=601045.0,2014-05-08
ULTC,Umbrella-LTC,2014-08-31,2014-07-12,Umbrella Holdings,https://bitcointalk.org/index.php?topic=687265.0,2014-07-12
STHR,Stakerush,2015-09-14,2015-08-25,stakerush,https://bitcointalk.org/index.php?topic=1161629.0,2015-08-25
BTQ,BitQuark,2014-07-29,2014-02-15,BitQuark,https://bitcointalk.org/index.php?topic=468018.0,2014-02-15
BTS,BitShares,2014-07-21,2013-05-31,bytemaster,https://bitcointalk.org/index.php?topic=221361.0,2013-05-31
ANC,Anoncoin,2013-07-14,2013-06-06,meeh,https://bitcointalk.org/index.php?topic=227287.0,2013-06-06
CBIT,CryptBit,2015-10-01,2015-09-23,CryptBit,https://bitcointalk.org/index.php?topic=1188889.0,2015-09-23
XCH,ClearingHouse,2014-10-04,2014-08-11,btcdrak,https://bitcointalk.org/index.php?topic=734674.0,2014-08-11
SSV,SSVCoin,2014-09-07,2014-06-22,SSVCoin,https://bitcointalk.org/index.php?topic=661043.0,2014-06-22
XCN,Cryptonite,2014-08-02,2014-07-18,Cryptonite XCN,https://bitcointalk.org/index.php?topic=700039.0,2014-07-18
XCO,X-Coin,2015-03-06,2015-02-26,el3ab,https://bitcointalk.org/index.php?topic=969896.0,2015-02-26
FUND,Cryptofund,2015-09-21,2015-09-03,sasha35625,https://bitcointalk.org/index.php?topic=1169633.0,2015-09-03
ENRG,Energycoin,2014-05-15,2014-04-29,energycr,https://bitcointalk.org/index.php?topic=589008.0,2014-04-29
HIRO,Hirocoin,2014-03-26,2014-04-13,dupee419,https://bitcointalk.org/index.php?topic=569717.0,2014-04-13
XCP,Counterparty,2014-02-15,2014-01-02,PhantomPhreak,https://bitcointalk.org/index.php?topic=395761.0,2014-01-02
GCR,Global Currency Reserve,2015-08-26,2015-08-19,gcrgcr,https://bitcointalk.org/index.php?topic=1157341.0,2015-08-19
BTA,Bata,2015-05-29,2015-04-28,pc888,https://bitcointalk.org/index.php?topic=1040956.0,2015-04-28
FRSH,FreshCoin,2014-08-22,2014-06-30,savale,https://bitcointalk.org/index.php?topic=670939.0,2014-06-30
BTB,BitBar,2013-05-09,2013-05-02,xorxor,https://bitcointalk.org/index.php?topic=193519.0,2013-05-02
BTM,Bitmark,2014-08-19,2014-06-21,coinsolidation,https://bitcointalk.org/index.php?topic=660544.0,2014-06-21
XCASH,XCash,2014-09-11,2014-09-01,johnnyxcash,https://bitcointalk.org/index.php?topic=765360.0,2014-09-01
JLH,jl777hodl,2014-07-23,2014-07-18,EvilDave,https://bitcointalk.org/index.php?topic=699887.0,2014-07-18
IVZ,InvisibleCoin,2015-10-12,2015-10-09,scat,https://bitcointalk.org/index.php?topic=1204574.0,2015-10-09
HZ,Horizon,2014-07-14,2014-10-14,Pizpie,https://bitcointalk.org/index.php?topic=823785.0,2014-10-14
BCN,Bytecoin,2014-06-17,2014-03-12,DStrange,https://bitcointalk.org/index.php?topic=512747.0,2014-03-12
JBS,Jumbucks,2014-09-07,2014-09-01,jyap,https://bitcointalk.org/index.php?topic=765082.0,2014-09-01
XSEED,BitSeeds,2015-04-21,2015-09-28,worth,https://bitcointalk.org/index.php?topic=1195172.0,2015-09-28
GIVE,GiveCoin,2015-02-20,2014-08-16,TheLittleDuke,https://bitcointalk.org/index.php?topic=741714.0,2014-08-16
BCF,BitcoinFast,2014-12-06,2014-12-03,BitCoinFastTeam,https://bitcointalk.org/index.php?topic=881774.0,2014-12-03
SWING,Swing,2015-09-28,2015-08-28,murderouskirk,https://bitcointalk.org/index.php?topic=1164721.0,2015-08-28
CHAO,23 Skidoo,2015-07-25,2014-03-22,gxsbk,https://bitcointalk.org/index.php?topic=526224.0,2014-03-22
DVC,Devcoin,2013-04-28,2011-08-05,Unthinkingbit,https://bitcointalk.org/index.php?topic=34586.0,2011-08-05
SPHR,Sphere,2015-05-02,2015-04-30,ChronoSphereDev,https://bitcointalk.org/index.php?topic=1042958.0,2015-04-30
UTIL,UtilityCoin,2014-09-30,2014-09-26,utilitycoin,https://bitcointalk.org/index.php?topic=797900.0,2014-09-26
ACP,AnarchistsPrime,2015-07-13,2015-03-24,ACP,https://bitcointalk.org/index.php?topic=1001407.0,2015-03-24
BCX,BattleCoin,2014-01-31,2014-01-11,jackofall1232,https://bitcointalk.org/index.php?topic=409482.0,2014-01-11
BCY,Bitcrystals,2015-09-14,2015-02-16,hnin,https://bitcointalk.org/index.php?topic=957797.0,2015-02-16
FIST,FistBump,2015-06-08,2015-06-01,FistBump,https://bitcointalk.org/index.php?topic=1077662.0,2015-06-01
ISL,IslaCoin,2015-09-28,2015-05-05,isladev,https://bitcointalk.org/index.php?topic=1051125.0,2015-05-05
ETH,Ethereum,2015-08-07,2014-01-12,tacotime,https://bitcointalk.org/index.php?topic=412878.0,2014-01-12
SILK,Silkcoin,2014-05-11,2014-02-12,silkcoinproject,https://bitcointalk.org/index.php?topic=462517.0,2014-02-12
FLDC,FoldingCoin,2014-09-16,2014-09-13,FoldingCoin,https://bitcointalk.org/index.php?topic=781352.0,2014-09-13
BCR,Bitcredits,2015-03-29,2014-12-17,bitcreditscc,https://bitcointalk.org/index.php?topic=896133.0,2014-12-17
CON,PayCon,2015-02-15,2015-01-02,muddafudda,https://bitcointalk.org/index.php?topic=912034.0,2015-01-02
DGB,DigiByte,2014-02-06,2014-01-10,DigiByte,https://bitcointalk.org/index.php?topic=408268.0,2014-01-10
PLANET,PlanetCoin,2015-03-22,2015-03-04,planetcoin,https://bitcointalk.org/index.php?topic=975871.0,2015-03-04
ECC,ECCoin,2014-03-20,2014-03-06,hostmaster,https://bitcointalk.org/index.php?topic=503236.0,2014-03-06
CRT,CRTCoin,2014-05-11,2014-04-03,digitaldj,https://bitcointalk.org/index.php?topic=555578.0,2014-04-03
LTBC,LTBcoin,2014-08-20,2014-07-27,crackerhead,https://bitcointalk.org/index.php?topic=712944.0,2014-07-27
GEMZ,GetGems,2015-01-12,2014-08-26,peled1986,https://bitcointalk.org/index.php?topic=758004.0,2014-08-26
CASH,Cashcoin,2014-02-27,2014-01-20,CryptoCashNow,https://bitcointalk.org/index.php?topic=424421.0,2014-01-20
GRAV,Graviton,2015-05-04,2015-05-02,gravitondev,https://bitcointalk.org/index.php?topic=1045089.0,2015-05-02
KDC,KlondikeCoin,2014-02-02,2014-01-09,KlondikeCoin,https://bitcointalk.org/index.php?topic=407705.0,2014-01-09
VRC,VeriCoin,2014-05-16,2014-05-09,effectsToCause,https://bitcointalk.org/index.php?topic=602041.0,2014-05-09
BKS,BlockShares,2015-09-09,2015-04-30,BCExchange,https://bitcointalk.org/index.php?topic=1042953.0,2015-04-30
BITZ,Bitz,2015-03-08,2015-11-01,EBK1000,https://bitcointalk.org/index.php?topic=1234560.0,2015-11-01
KUMA,Kumacoin,2014-08-02,2014-04-26,kumacoinproject,https://bitcointalk.org/index.php?topic=585772.0,2014-04-26
QORA,Qora,2014-05-26,2014-03-19,qora,https://bitcointalk.org/index.php?topic=522102.0,2014-03-19
XST,Stealthcoin,2014-07-10,2014-05-25,stealthdev,https://bitcointalk.org/index.php?topic=624726.0,2014-05-25
C2,Coin2.1,2014-06-08,2014-02-23,joel511,https://bitcointalk.org/index.php?topic=483847.0,2014-02-23
TES,TeslaCoin,2014-02-06,2014-01-17,Trafficlearn,https://bitcointalk.org/index.php?topic=419494.0,2014-01-17
BITS,Bitstar,2014-04-23,2014-04-17,Bitstar_coin,https://bitcointalk.org/index.php?topic=574652.0,2014-04-17
IBITS,iBits,2015-07-27,2015-07-13,iBITS,https://bitcointalk.org/index.php?topic=1120097.0,2015-07-13
JKC,Junkcoin,2013-06-14,2013-06-16,the1silverwolf,https://bitcointalk.org/index.php?topic=235611.0,2013-06-16
VTA,Virtacoin,2014-08-09,2014-08-11,VirtaCoinDev,https://bitcointalk.org/index.php?topic=734859.0,2014-08-11
VIRAL,Viral,2015-05-08,2015-04-28,ViralDev,https://bitcointalk.org/index.php?topic=1041025.0,2015-04-28
FRDC,FreedomCoin,2015-09-21,2015-09-06,placebo,https://bitcointalk.org/index.php?topic=1172885.0,2015-09-06
FAIR,FairCoin,2014-03-22,2014-05-08,Gladimor,https://bitcointalk.org/index.php?topic=601280.0,2014-05-08
NKA,IncaKoin,2015-01-28,2015-01-23,madross,https://bitcointalk.org/index.php?topic=933851.0,2015-01-23
XC,XCurrency,2014-05-23,2014-05-29,Teka,https://bitcointalk.org/index.php?topic=630547.0,2014-05-29
RBBT,RabbitCoin,2014-08-30,2014-02-15,rabbitcointeam,https://bitcointalk.org/index.php?topic=466621.0,2014-02-15
J,Joincoin,2014-08-25,2014-08-13,Love_of_Algo,https://bitcointalk.org/index.php?topic=737405.0,2014-08-13
HEX,Heisenberg,2014-03-15,2014-02-22,Heisenbergprime,https://bitcointalk.org/index.php?topic=481417.0,2014-02-22
CF,Californium,2015-04-21,2015-04-17,cfdev,https://bitcointalk.org/index.php?topic=1027613.0,2015-04-17
EUC,Eurocoin,2015-08-23,2014-03-04,deeppurple72,https://bitcointalk.org/index.php?topic=499294.0,2014-03-04
CLOAK,CloakCoin,2014-06-06,2014-06-03,TheDagger,https://bitcointalk.org/index.php?topic=637704.0,2014-06-03
UNB,UnbreakableCoin,2014-05-23,2014-03-27,jimblasko,https://bitcointalk.org/index.php?topic=539945.0,2014-03-27
VTR,vTorrent,2014-12-25,2014-12-11,vtorrent,https://bitcointalk.org/index.php?topic=889481.0,2014-12-11
COMM,CommunityCoin,2014-04-15,2014-03-25,communitycoin,https://bitcointalk.org/index.php?topic=529481.0,2014-03-25
ADC,AudioCoin,2015-06-05,2015-06-13,cryptobloguk,https://bitcointalk.org/index.php?topic=1089339.0,2015-06-13
DIEM,CarpeDiemCoin,2014-04-28,2014-03-13,Carpe Diem Coin,https://bitcointalk.org/index.php?topic=513599.0,2014-03-13
ADN,Aiden,2014-04-15,2014-04-05,defaced,https://bitcointalk.org/index.php?topic=558414.0,2014-04-05
MARYJ,MaryJane,2014-10-04,2014-09-23,MaryJ,https://bitcointalk.org/index.php?topic=793704.0,2014-09-23
IEC,IvugeoCoin,2015-04-29,2015-04-16,IvugeoEvolutionCoin,https://bitcointalk.org/index.php?topic=1026371.0,2015-04-16
ELT,Electron,2014-06-12,2014-05-25,electron-coin,https://bitcointalk.org/index.php?topic=624595.0,2014-05-25
MED,MediterraneanCoin,2014-10-22,2014-01-03,smallplatf,https://bitcointalk.org/index.php?topic=397831.0,2014-01-03
DRS,Denarius,2014-06-15,2014-05-01,Nthused,https://bitcointalk.org/index.php?topic=591323.0,2014-05-01
PLS,PLAY,2015-10-12,2014-12-25,dacplay,https://bitcointalk.org/index.php?topic=904687.0,2014-12-25
OZC,Ozziecoin,2015-07-23,2014-04-21,Ozziecoin,https://bitcointalk.org/index.php?topic=578881.0,2014-04-21
SNRG,Synergy,2015-06-08,2015-05-26,Grandpa Jones,https://bitcointalk.org/index.php?topic=1070124.0,2015-05-26
UFO,UFO Coin,2014-02-27,2014-01-05,UFO Coin,https://bitcointalk.org/index.php?topic=399937.0,2014-01-05
MEM,Memecoin,2013-06-09,2013-05-27,muddafudda,https://bitcointalk.org/index.php?topic=217526.0,2013-05-27
XEM,NEM,2015-03-31,2014-06-16,ournem,https://bitcointalk.org/index.php?topic=654845.0,2014-06-16
HVC,Heavycoin,2014-03-12,2014-02-17,keccak512,https://bitcointalk.org/index.php?topic=470391.0,2014-02-17
XCE,Cerium,2015-06-10,2015-06-06,Cerium,https://bitcointalk.org/index.php?topic=1082918.0,2015-06-06
NAUT,NautilusCoin,2014-05-15,2014-05-01,BK_PHI,https://bitcointalk.org/index.php?topic=591114.0,2014-05-01
SMLY,SmileyCoin,2015-01-28,2014-11-04,gstefans,https://bitcointalk.org/index.php?topic=845761.0,2014-11-04
LEO,LEOcoin,2015-08-04,2015-01-07,leocoin2015,https://bitcointalk.org/index.php?topic=917232.0,2015-01-07
CIRC,CryptoCircuits,2015-06-18,2015-05-31,CryptoCircuits,https://bitcointalk.org/index.php?topic=1076404.0,2015-05-31
CS,CryptoSpots,2015-08-04,2015-02-28,xPooky,https://bitcointalk.org/index.php?topic=971737.0,2015-02-28
GDC,GrandCoin,2013-12-17,2013-07-13,Grandcoin,https://bitcointalk.org/index.php?topic=255629.0,2013-07-13
BILS,BilShares,2014-08-25,2014-08-08,starteam,https://bitcointalk.org/index.php?topic=729068.0,2014-08-08
NMC,Namecoin,2013-04-28,2011-04-29,khal,https://bitcointalk.org/index.php?topic=6793.0,2011-04-29
KEY,KeyCoin,2014-07-18,2014-07-15,keycoin,https://bitcointalk.org/index.php?topic=695457.0,2014-07-15
INFX,Influxcoin,2015-09-15,2015-08-25,Coryvmcs1,https://bitcointalk.org/index.php?topic=1161953.0,2015-08-25
MAZE,MazeCoin,2015-10-19,2015-09-24,plastcom,https://bitcointalk.org/index.php?topic=1189743.0,2015-09-24
FLY,Flycoin,2015-09-14,2015-08-17,vegasguy,https://bitcointalk.org/index.php?topic=1154550.0,2015-08-17
DEBUNE,DeBuNe,2015-02-06,2014-12-30,capodieci,https://bitcointalk.org/index.php?topic=908242.0,2014-12-30
BRC,Biebercoin,2015-07-21,2014-06-02,Omega6,https://bitcointalk.org/index.php?topic=636530.0,2014-06-02
MYST,MysteryCoin,2015-02-06,2015-01-29,solacedev,https://bitcointalk.org/index.php?topic=939935.0,2015-01-29
SLFI,Selfiecoin,2015-03-22,2015-03-05,freedomsr40,https://bitcointalk.org/index.php?topic=977167.0,2015-03-05
AMS,AmsterdamCoin,2015-08-20,2015-08-14,keesdewit,https://bitcointalk.org/index.php?topic=1152947.0,2015-08-14
MNTA,Moneta,2014-08-30,2014-08-13,MonetaCoin,https://bitcointalk.org/index.php?topic=737548.0,2014-08-13
RUBIT,RubleBit,2015-11-23,2015-11-10,Rublebit,https://bitcointalk.org/index.php?topic=1243299.0,2015-11-10
XWT,World Trade Funds,2014-10-26,2014-10-20,wtfdev,https://bitcointalk.org/index.php?topic=828967.0,2014-10-20
DIG,Digit,2014-06-28,2014-05-06,DSF,https://bitcointalk.org/index.php?topic=597634.0,2014-05-06
BRE,BREAKcoin,2015-09-08,2015-08-24,breakcoindev,https://bitcointalk.org/index.php?topic=1160670.0,2015-08-24
BTX,BitcoinTX,2015-04-26,2015-04-27,placebo,https://bitcointalk.org/index.php?topic=1039964.0,2015-04-27
HYP,HyperStake,2014-08-09,2014-07-06,presstab,https://bitcointalk.org/index.php?topic=678849.0,2014-07-06
BITSILVER,bitSilver,2015-02-25,2015-01-14,matt608,https://bitcointalk.org/index.php?topic=924481.0,2015-01-14
WBB,WildBeastBitcoin,2015-02-28,2015-02-11,WildBeastBitcoin,https://bitcointalk.org/index.php?topic=952619.0,2015-02-11
SHND,StrongHands,2015-10-30,2015-09-28,JacksonBriggs,https://bitcointalk.org/index.php?topic=1195510.0,2015-09-28
AXIOM,Axiom,2015-07-30,2015-07-26,AxiomCryptocurrency,https://bitcointalk.org/index.php?topic=1135151.0,2015-07-26
DT,DarkToken,2014-09-17,2014-09-16,darktoken,https://bitcointalk.org/index.php?topic=785420.0,2014-09-16
MSC,Mastercoin,2013-12-24,2013-06-24,MstCoin,https://bitcointalk.org/index.php?topic=242406.0,2013-06-24
XWC,WhiteCoin,2014-04-18,2014-09-30,WhitecoinFoundation,https://bitcointalk.org/index.php?topic=804288.0,2014-09-30
AIB,AIB,2015-04-30,2015-04-11,aib,https://bitcointalk.org/index.php?topic=1020912.0,2015-04-11
CESC,CryptoEscudo,2014-04-03,2014-03-20,cryptoescudo,https://bitcointalk.org/index.php?topic=524124.0,2014-03-20
CYP,Cypher,2015-04-11,2015-03-29,Cypher7A69,https://bitcointalk.org/index.php?topic=1006527.0,2015-03-29
DGCS,Digital Credits,2015-11-16,2015-11-01,intristin,https://bitcointalk.org/index.php?topic=1234336.0,2015-11-01
CYT,Cryptokenz,2015-09-21,2015-09-10,Crypt0ken,https://bitcointalk.org/index.php?topic=1175960.0,2015-09-10
MAPC,MapCoin,2015-09-08,2015-08-21,thimo,https://bitcointalk.org/index.php?topic=1158633.0,2015-08-21
ARCH,ARCHcoin,2014-10-06,2014-08-24,BTCarchitect,https://bitcointalk.org/index.php?topic=754055.0,2014-08-24
EAC,EarthCoin,2013-12-28,2013-12-20,earthcoin,https://bitcointalk.org/index.php?topic=379236.0,2013-12-20
JAY,Jay,2015-04-17,2015-04-02,jones_,https://bitcointalk.org/index.php?topic=1010702.0,2015-04-02
MRKT,FreeMarket,2014-09-23,2014-07-11,cloudboy,https://bitcointalk.org/index.php?topic=686772.0,2014-07-11
ARB,ARbit,2015-05-21,2015-05-08,ARbit,https://bitcointalk.org/index.php?topic=1054576.0,2015-05-08
POP,PopularCoin,2014-04-23,2014-02-02,cryptojette,https://bitcointalk.org/index.php?topic=444745.0,2014-02-02
GAP,Gapcoin,2014-11-01,2014-06-11,j0nn9,https://bitcointalk.org/index.php?topic=647681.0,2014-06-11
CYC,Conspiracycoin,2014-07-05,2014-04-30,ConspiracyCoin,https://bitcointalk.org/index.php?topic=590841.0,2014-04-30
BOLI,Bolivarcoin,2015-09-08,2015-08-15,bolivarcoin,https://bitcointalk.org/index.php?topic=1153330.0,2015-08-15
RPC,RonPaulCoin,2014-01-06,2013-12-28,colinistheman,https://bitcointalk.org/index.php?topic=389070.0,2013-12-28
PXL,Phalanx,2015-04-07,2015-03-10,PLX_Dev,https://bitcointalk.org/index.php?topic=984124.0,2015-03-10
NSR,NuShares,2014-10-25,2014-09-23,toast,https://bitcointalk.org/index.php?topic=794059.0,2014-09-23
DUB,Dubstep,2015-06-30,2015-06-05,DUBSTEP-DEV,https://bitcointalk.org/index.php?topic=1081671.0,2015-06-05
BOD,Bloodcoin,2015-06-18,2015-06-16,SalimNagamato,https://bitcointalk.org/index.php?topic=1091421.0,2015-06-16
NOXT,NobleNXT,2014-12-06,2014-10-31,Rofo,https://bitcointalk.org/index.php?topic=841741.0,2014-10-31
UTC,UltraCoin,2014-02-09,2014-01-13,bumface,https://bitcointalk.org/index.php?topic=413978.0,2014-01-13
AC,AsiaCoin,2014-04-20,2014-05-04,Maestro1,https://bitcointalk.org/index.php?topic=595999.0,2014-05-04
GOOD,GoodCoin,2014-06-08,2014-04-21,Seefude,https://bitcointalk.org/index.php?topic=578963.0,2014-04-21
BITGOLD,bitGold,2015-01-04,2014-03-21,Gold-Bars,https://bitcointalk.org/index.php?topic=524648.0,2014-03-21
ICN,iCoin,2014-02-17,2014-01-10,TeamICoiN,https://bitcointalk.org/index.php?topic=407866.0,2014-01-10
SPACE,SpaceCoin,2015-09-09,2015-08-31,SpaceCoinLab,https://bitcointalk.org/index.php?topic=1166804.0,2015-08-31
MTR,MasterTraderCoin,2015-03-02,2015-02-13,mastertrader777,https://bitcointalk.org/index.php?topic=954240.0,2015-02-13
ICB,IcebergCoin,2014-07-16,2014-07-01,Icebergcoin,https://bitcointalk.org/index.php?topic=673524.0,2014-07-01
DOPE,DopeCoin,2014-02-22,2014-02-16,userpacman,https://bitcointalk.org/index.php?topic=469207.0,2014-02-16
RBT,Rimbit,2014-10-26,2014-04-19,garden.stater,https://bitcointalk.org/index.php?topic=576704.0,2014-04-19
AM,AeroMe,2014-07-07,2015-02-14,aeros,https://bitcointalk.org/index.php?topic=955204.0,2015-02-14
RBR,RibbitRewards,2015-01-23,2014-08-15,ribbitcoin,https://bitcointalk.org/index.php?topic=740977.0,2014-08-15
SLR,SolarCoin,2014-03-29,2014-01-23,ddirt,https://bitcointalk.org/index.php?topic=429119.0,2014-01-23
KNC,KhanCoin,2015-09-28,2015-08-22,k0er,https://bitcointalk.org/index.php?topic=1159249.0,2015-08-22
XVI,Vibranium,2015-07-02,2015-06-08,Viecoin,https://bitcointalk.org/index.php?topic=1084038.0,2015-06-08
START,Startcoin,2014-06-15,2014-06-13,startcoinproject,https://bitcointalk.org/index.php?topic=651307.0,2014-06-13
IRL,IrishCoin,2015-07-07,2014-05-17,riddler_xyz,https://bitcointalk.org/index.php?topic=612983.0,2014-05-17
CNMT,Coinomat,2014-09-05,2014-08-10,coinomat.com,https://bitcointalk.org/index.php?topic=732392.0,2014-08-10
CNO,Coin(O),2014-03-18,2014-01-17,coino.org,https://bitcointalk.org/index.php?topic=419873.0,2014-01-17
CNL,ConcealCoin,2014-07-21,2014-07-18,ConcealCoin,https://bitcointalk.org/index.php?topic=700289.0,2014-07-18
SLG,Sterlingcoin,2014-09-23,2014-08-02,Sterlingcoin,https://bitcointalk.org/index.php?topic=721936.0,2014-08-02
CUBE,DigiCube,2015-10-24,2015-10-17,DigiCube,https://bitcointalk.org/index.php?topic=1211692.0,2015-10-17
PINK,PinkCoin,2014-05-11,2014-05-01,bigman,https://bitcointalk.org/index.php?topic=591666.0,2014-05-01
MCN,MonetaVerde,2014-08-25,2014-06-15,cryptomidnight,https://bitcointalk.org/index.php?topic=653141.0,2014-06-15
SDP,SydPak,2015-08-23,2015-08-09,SydPakCoin Dev,https://bitcointalk.org/index.php?topic=1148686.0,2015-08-09
XGR,GoldReserve,2014-06-28,2014-06-05,Mesterlovesz74,https://bitcointalk.org/index.php?topic=641064.0,2014-06-05
NXTTY,Nxttycoin,2014-08-12,2014-08-12,landomata,https://bitcointalk.org/index.php?topic=735878.0,2014-08-12
QDOS,Quedos,2015-11-18,2015-11-19,grue,https://bitcointalk.org/index.php?topic=1254606.0,2015-11-19
CV2,Colossuscoin V2,2015-03-20,2015-01-30,colossuscoin,https://bitcointalk.org/index.php?topic=941433.0,2015-01-30
ADD,AdderalCoin,2015-02-28,2014-07-24,adderalcoin,https://bitcointalk.org/index.php?topic=708718.0,2014-07-24
LGD,LegendaryCoin,2014-04-28,2014-03-25,legendarycoin,https://bitcointalk.org/index.php?topic=530175.0,2014-03-25
KGC,Krugercoin,2013-07-07,2013-06-30,Nibiru,https://bitcointalk.org/index.php?topic=246803.0,2013-06-30
SWIFT,BitSwift,2014-10-05,2014-10-02,BitSwift,https://bitcointalk.org/index.php?topic=807557.0,2014-10-02
NKT,Nakas,2014-12-29,2014-12-17,nkt-coin-team,https://bitcointalk.org/index.php?topic=896354.0,2014-12-17
MCZ,MangoCoinz,2015-03-22,2014-12-22,SreleFromMangoCoinz,https://bitcointalk.org/index.php?topic=902788.0,2014-12-22
SDC,ShadowCash,2014-07-31,2014-08-18,sdcoin,https://bitcointalk.org/index.php?topic=745352.0,2014-08-18
NRS,NoirShares,2014-04-20,2014-09-05,chocobo,https://bitcointalk.org/index.php?topic=770038.0,2014-09-05
ARI,Aricoin,2014-02-20,2014-02-07,olympicsdude,https://bitcointalk.org/index.php?topic=453085.0,2014-02-07
SUPER,SuperCoin,2014-05-26,2014-05-21,supercointeam,https://bitcointalk.org/index.php?topic=618552.0,2014-05-21
POT,PotCoin,2014-02-10,2014-01-21,PotCoin,https://bitcointalk.org/index.php?topic=426324.0,2014-01-21
$$$,Money,2015-11-12,2014-11-18,moneyfoundation,https://bitcointalk.org/index.php?topic=863954.0,2014-11-18
AXR,Axron,2014-08-27,2014-08-14,Project Axron,https://bitcointalk.org/index.php?topic=738534.0,2014-08-14
NYAN,Nyancoin,2014-02-09,2013-12-21,myhoho,https://bitcointalk.org/index.php?topic=380223.0,2013-12-21
WDC,WorldCoin,2013-05-22,2013-05-14,WorldCoin,https://bitcointalk.org/index.php?topic=204894.0,2013-05-14
EXC,Extremecoin,2014-01-16,2013-08-17,CaptChadd,https://bitcointalk.org/index.php?topic=276609.0,2013-08-17
MIN,Mineralscoin,2014-06-21,2014-06-05,Minerals,https://bitcointalk.org/index.php?topic=641057.0,2014-06-05
GSY,GenesysCoin,2015-09-15,2015-08-05,GSYTeam,https://bitcointalk.org/index.php?topic=1144365.0,2015-08-05
NAN,NanoToken,2013-07-17,2013-06-25,r3wt,https://bitcointalk.org/index.php?topic=242491.0,2013-06-25
LTB,LiteBar,2014-03-12,2014-02-12,Scooby903,https://bitcointalk.org/index.php?topic=461108.0,2014-02-12
LIT,Lightcoin,2014-07-05,2014-06-12,Lightcoinproject,https://bitcointalk.org/index.php?topic=649890.0,2014-06-12
NAS,Nas,2014-04-15,2014-03-20,Nas_Coin,https://bitcointalk.org/index.php?topic=523187.0,2014-03-20
HBN,HoboNickels,2013-12-20,2013-07-24,thundertoe,https://bitcointalk.org/index.php?topic=261550.0,2013-07-24
STEPS,Steps,2015-09-19,2015-09-07,AltcoinSteps,https://bitcointalk.org/index.php?topic=1173385.0,2015-09-07
AMBER,AmberCoin,2015-02-06,2014-08-17,amber_gold,https://bitcointalk.org/index.php?topic=742928.0,2014-08-17
DIBS,Dibbits,2015-06-24,2015-06-16,DIBBITSdev,https://bitcointalk.org/index.php?topic=1090982.0,2015-06-16
SXC,Sexcoin,2013-12-08,2013-05-28,chinsu,https://bitcointalk.org/index.php?topic=218158.0,2013-05-28
PRC,ProsperCoin,2014-02-20,2014-01-29,inmean,https://bitcointalk.org/index.php?topic=438433.0,2014-01-29
MEOW,Kittehcoin,2014-01-24,2013-12-24,lonestar108,https://bitcointalk.org/index.php?topic=383068.0,2013-12-24
MYR,Myriadcoin,2014-03-08,2014-02-23,8bitcoder,https://bitcointalk.org/index.php?topic=483515.0,2014-02-23
SPT,Spots,2013-07-25,2013-07-21,iGotSpots,https://bitcointalk.org/index.php?topic=259764.0,2013-07-21
CENT,Pennies,2014-08-25,2013-08-06,auctioneeeeer,https://bitcointalk.org/index.php?topic=269145.0,2013-08-06
AEON,Aeon,2015-08-04,2014-06-06,aeon,https://bitcointalk.org/index.php?topic=641696.0,2014-06-06
PRT,Particle,2014-01-22,2013-12-31,moonmoon,https://bitcointalk.org/index.php?topic=392804.0,2013-12-31
TAG,TagCoin,2013-11-05,2013-10-24,tagbond,https://bitcointalk.org/index.php?topic=317408.0,2013-10-24
YAC,Yacoin,2013-06-09,2013-05-15,WindMaster,https://bitcointalk.org/index.php?topic=206577.0,2013-05-15
LYC,Lycancoin,2014-04-11,2014-02-08,vampirecoin,https://bitcointalk.org/index.php?topic=455770.0,2014-02-08
SPC,SpikesPrivateCoin,2015-08-04,2013-05-15,Supercoin,https://bitcointalk.org/index.php?topic=206164.0,2013-05-15
TAK,TakCoin,2014-02-27,2014-02-07,TakeiCoin,https://bitcointalk.org/index.php?topic=452902.0,2014-02-07
NXT,Nxt,2013-12-04,2013-09-28,BCNext,https://bitcointalk.org/index.php?topic=303898.0,2013-09-28
CHC,ChainCoin,2015-07-16,2014-01-19,Rolihlahla,https://bitcointalk.org/index.php?topic=422149.0,2014-01-19
OFF,Cthulhu Offerings,2015-07-25,2013-09-14,Blazr2,https://bitcointalk.org/index.php?topic=294383.0,2013-09-14
BQC,BBQCoin,2013-05-08,2013-10-08,aa,https://bitcointalk.org/index.php?topic=307923.0,2013-10-08
XPM,Primecoin,2013-07-11,2013-07-07,Sunny King,https://bitcointalk.org/index.php?topic=251850.0,2013-07-07
SONG,SongCoin,2015-03-22,2014-09-30,dynoman,https://bitcointalk.org/index.php?topic=804527.0,2014-09-30
SHADE,ShadeCoin,2014-09-06,2014-09-04,iShade,https://bitcointalk.org/index.php?topic=768941.0,2014-09-04
IXC,Ixcoin,2013-05-08,2011-08-10,Nasakioto,https://bitcointalk.org/index.php?topic=36218.0,2011-08-10
MTLMC3,Metal Music Coin,2015-07-02,2015-02-23,metalmusiccoin,https://bitcointalk.org/index.php?topic=965360.0,2015-02-23
NOBL,NobleCoin,2014-02-08,2014-01-07,Rofo,https://bitcointalk.org/index.php?topic=402667.0,2014-01-07
PIGGY,Piggycoin,2014-06-15,2014-05-31,piggycoin,https://bitcointalk.org/index.php?topic=633803.0,2014-05-31
MRC,microCoin,2014-03-03,2014-01-03,MCR,https://bitcointalk.org/index.php?topic=397679.0,2014-01-03
DARK,DarkCoin,2014-12-06,2015-03-25,darkcoindev,https://bitcointalk.org/index.php?topic=1002259.0,2015-03-25
ROS,RosCoin,2014-09-30,2014-09-04,godivacoin,https://bitcointalk.org/index.php?topic=769857.0,2014-09-04
PHO,Photon,2014-05-23,2014-02-21,photon_coin,https://bitcointalk.org/index.php?topic=478136.0,2014-02-21
DBL,Doubloons,2013-07-04,2013-05-15,shakezula,https://bitcointalk.org/index.php?topic=206361.0,2013-05-15
BURST,Burst,2014-08-30,2014-08-10,burstcoin,https://bitcointalk.org/index.php?topic=731923.0,2014-08-10
ZEIT,Zeitcoin,2014-03-20,2014-02-26,ZEITCOIN,https://bitcointalk.org/index.php?topic=487814.0,2014-02-26
MAX,MaxCoin,2014-02-12,2014-01-29,maxcoinproject,https://bitcointalk.org/index.php?topic=438150.0,2014-01-29
SYS,SysCoin,2014-08-20,2014-04-27,danosphere,https://bitcointalk.org/index.php?topic=587080.0,2014-04-27
PAC,Paccoin,2015-11-02,2013-11-12,wmcorless,https://bitcointalk.org/index.php?topic=331394.0,2013-11-12
PHS,Philosopher Stones,2013-12-17,2013-07-28,johntawaki,https://bitcointalk.org/index.php?topic=263744.0,2013-07-28
APC,Applecoin,2014-02-09,2013-11-18,KunningLinguist,https://bitcointalk.org/index.php?topic=337782.0,2013-11-18
PYC,Paycoin,2014-12-06,2013-08-06,deppJ,https://bitcointalk.org/index.php?topic=268941.0,2013-08-06
HAM,HamRadioCoin,2014-10-26,2014-07-03,hamhrc,https://bitcointalk.org/index.php?topic=675564.0,2014-07-03
EMD,Emerald Crypto,2013-08-04,2013-06-16,picasso,https://bitcointalk.org/index.php?topic=235870.0,2013-06-16
XLM,Stellar,2014-08-05,2014-07-31,HostFat,https://bitcointalk.org/index.php?topic=719019.0,2014-07-31
DMD,Diamond,2013-12-19,2013-07-13,JohnLuc,https://bitcointalk.org/index.php?topic=255806.0,2013-07-13
GUE,Guerillacoin,2014-06-23,2014-06-17,guerillacoin,https://bitcointalk.org/index.php?topic=656167.0,2014-06-17
DTC,Datacoin,2013-12-07,2013-11-05,oocook5u,https://bitcointalk.org/index.php?topic=325735.0,2013-11-05
SMBR,Sembro Token,2014-10-20,2014-10-11,Sembro Development,https://bitcointalk.org/index.php?topic=819427.0,2014-10-11
FLT,FlutterCoin,2014-03-20,2014-03-10,thekidcoin,https://bitcointalk.org/index.php?topic=509499.0,2014-03-10
MWC,MultiWalletCoin,2014-08-09,2014-08-23,sovie,https://bitcointalk.org/index.php?topic=752808.0,2014-08-23
CRC,CraftCoin,2013-07-07,2013-07-05,Blindfolded,https://bitcointalk.org/index.php?topic=250343.0,2013-07-05
FLO,FlorinCoin,2013-11-27,2013-06-17,skyangel,https://bitcointalk.org/index.php?topic=236742.0,2013-06-17
IFC,Infinitecoin,2013-07-10,2013-06-05,fisheater,https://bitcointalk.org/index.php?topic=225891.0,2013-06-05
BET,BetaCoin,2013-12-14,2013-10-30,betacoindev,https://bitcointalk.org/index.php?topic=321266.0,2013-10-30
CC,CyberCoin,2015-04-03,2015-03-29,CyberCoinDev,https://bitcointalk.org/index.php?topic=1006415.0,2015-03-29
TTY,Trinity,2015-01-18,2014-07-15,TrinityCoin,https://bitcointalk.org/index.php?topic=695149.0,2014-07-15
HUC,HunterCoin,2014-02-14,2013-09-24,snailbrain,https://bitcointalk.org/index.php?topic=300538.0,2013-09-24
XDN,DigitalNote,2014-06-24,2014-09-19,dNote,https://bitcointalk.org/index.php?topic=788916.0,2014-09-19
AMC,AmericanCoin,2013-06-09,2015-01-23,danny asia,https://bitcointalk.org/index.php?topic=932375.0,2015-01-23
LTCD,LitecoinDark,2014-09-11,2014-08-28,Litecoindark,https://bitcointalk.org/index.php?topic=760143.0,2014-08-28
BUN,BunnyCoin,2014-09-11,2014-04-29,shibebunny,https://bitcointalk.org/index.php?topic=589180.0,2014-04-29
NLG,Gulden,2014-04-08,2014-04-02,guldencoin,https://bitcointalk.org/index.php?topic=554412.0,2014-04-02
MNC,Mincoin,2013-05-03,2013-04-03,SuperTramp,https://bitcointalk.org/index.php?topic=165397.0,2013-04-03
GEO,GeoCoin,2015-02-21,2013-08-18,MaGNeT,https://bitcointalk.org/index.php?topic=277091.0,2013-08-18
LIMX,LimeCoinX,2014-06-08,2014-06-03,IParn,https://bitcointalk.org/index.php?topic=637366.0,2014-06-03
FLAP,FlappyCoin,2014-02-22,2014-02-14,flappycoin,https://bitcointalk.org/index.php?topic=464743.0,2014-02-14
SOLE,Solecoin,2014-08-21,2014-08-08,solecoin,https://bitcointalk.org/index.php?topic=730077.0,2014-08-08
CSC,CasinoCoin,2013-07-25,2013-07-18,transcoder,https://bitcointalk.org/index.php?topic=258090.0,2013-07-18
VGC,VegasCoin,2014-05-06,2014-02-15,Byates,https://bitcointalk.org/index.php?topic=466312.0,2014-02-15
GRE,Greencoin,2014-06-23,2014-06-05,Mesterlovesz74,https://bitcointalk.org/index.php?topic=641064.0,2014-06-05
GRC,GridCoin,2015-02-28,2013-10-29,prophetx,https://bitcointalk.org/index.php?topic=320750.0,2013-10-29
BLK,BlackCoin,2014-02-28,2014-02-16,rat4,https://bitcointalk.org/index.php?topic=469640.0,2014-02-16
CRACK,CrackCoin,2014-09-19,2014-09-04,OfficialCrackCoin,https://bitcointalk.org/index.php?topic=768678.0,2014-09-04
GRN,GraniteCoin,2014-06-12,2014-05-22,GraniteCoin,https://bitcointalk.org/index.php?topic=621544.0,2014-05-22
CAGE,CageCoin,2014-04-15,2014-01-01,skyisthelimit,https://bitcointalk.org/index.php?topic=394964.0,2014-01-01
XRP,Ripple,2013-08-04,2013-09-26,Stefan Thomas,https://bitcointalk.org/index.php?topic=301635.0,2013-09-26
BLC,Blakecoin,2014-02-12,2013-10-07,BlueDragon747,https://bitcointalk.org/index.php?topic=306894.0,2013-10-07
DP,DigitalPrice,2014-10-04,2014-09-20,7vpo,https://bitcointalk.org/index.php?topic=789847.0,2014-09-20
VOOT,VootCoin,2014-06-12,2014-06-04,MsCollec,https://bitcointalk.org/index.php?topic=639371.0,2014-06-04
DOGE,Dogecoin,2013-12-15,2013-12-08,Dogecoin,https://bitcointalk.org/index.php?topic=361813.0,2013-12-08
ANI,Animecoin,2014-02-28,2014-02-06,UnderAuthor,https://bitcointalk.org/index.php?topic=451343.0,2014-02-06
MOON,Mooncoin,2014-01-06,2013-12-28,deaconboogie,https://bitcointalk.org/index.php?topic=389403.0,2013-12-28
BTE,Bytecoin,2013-05-10,2013-04-07,Number6,https://bitcointalk.org/index.php?topic=169559.0,2013-04-07
BTG,Bitgem,2013-07-04,2013-05-16,mineral,https://bitcointalk.org/index.php?topic=207008.0,2013-05-16
NVC,Novacoin,2013-04-28,2013-02-11,xorxor,https://bitcointalk.org/index.php?topic=143221.0,2013-02-11
EMC2,Einsteinium,2014-04-09,2014-03-01,einsteinium,https://bitcointalk.org/index.php?topic=494708.0,2014-03-01
GB,GreenBacks,2014-08-23,2014-08-15,GreenBacksTeam,https://bitcointalk.org/index.php?topic=740744.0,2014-08-15
HTML5,HTMLCOIN,2014-09-19,2014-09-28,HTMLCOIN,https://bitcointalk.org/index.php?topic=801489.0,2014-09-28
VNL,Vanillacoin,2015-03-06,2015-03-05,traumschiff,https://bitcointalk.org/index.php?topic=977245.0,2015-03-05
DSH,Dashcoin,2014-10-07,2014-07-05,slb,https://bitcointalk.org/index.php?topic=678232.0,2014-07-05
FJC,FujiCoin,2015-06-14,2014-06-08,motty,https://bitcointalk.org/index.php?topic=644601.0,2014-06-08
ISR,Isracoin,2014-04-08,2014-03-24,IsraelCoin,https://bitcointalk.org/index.php?topic=529409.0,2014-03-24
GLC,GlobalCoin,2013-08-04,2013-06-26,SistaFista,https://bitcointalk.org/index.php?topic=243911.0,2013-06-26
GLD,GoldCoin,2013-06-14,2013-07-27,MicroGuy,https://bitcointalk.org/index.php?topic=263459.0,2013-07-27
NEC,Neocoin,2014-03-26,2013-10-18,Neo8,https://bitcointalk.org/index.php?topic=313506.0,2013-10-18
MUE,MonetaryUnit,2014-11-01,2014-09-11,Mue,https://bitcointalk.org/index.php?topic=778322.0,2014-09-11
XNC,XenCoin,2013-07-25,2013-06-19,XenCoin,https://bitcointalk.org/index.php?topic=237998.0,2013-06-19
CURE,CureCoin,2014-05-26,2013-05-07,cygnusxi,https://bitcointalk.org/index.php?topic=197773.0,2013-05-07
FST,Fastcoin,2013-07-04,2013-05-29,fast-coin,https://bitcointalk.org/index.php?topic=218852.0,2013-05-29
BEN,Benjamins,2014-02-27,2014-02-02,AllAboutTheBenjaminsBaby,https://bitcointalk.org/index.php?topic=444543.0,2014-02-02
NET,NetCoin,2013-12-17,2013-05-10,NetCoin,https://bitcointalk.org/index.php?topic=201402.0,2013-05-10
SMC,SmartCoin,2014-02-06,2014-01-06,smartcoin,https://bitcointalk.org/index.php?topic=400893.0,2014-01-06
COL,Colossuscoin,2013-12-01,2013-08-23,scificoin,https://bitcointalk.org/index.php?topic=280114.0,2013-08-23
RED,RedCoin,2014-01-24,2013-06-30,Redcoin,https://bitcointalk.org/index.php?topic=246693.0,2013-06-30
LOG,Woodcoin,2015-03-22,2014-10-22,funkenstein,https://bitcointalk.org/index.php?topic=831003.0,2014-10-22
DGC,Digitalcoin,2013-06-09,2014-09-17,kenel,https://bitcointalk.org/index.php?topic=785601.0,2014-09-17
TEK,TEKcoin,2014-05-20,2013-09-07,thundertoe,https://bitcointalk.org/index.php?topic=289490.0,2013-09-07
CGA,Cryptographic Anomaly,2014-02-21,2014-09-06,CGAnomaly,https://bitcointalk.org/index.php?topic=771830.0,2014-09-06
BITB,BitBean,2015-02-18,2013-05-03,TruCoin,https://bitcointalk.org/index.php?topic=193974.0,2013-05-03
NBT,NuBits,2014-09-23,2014-09-20,ronnyb,https://bitcointalk.org/index.php?topic=789964.0,2014-09-20
ASC,AsicCoin,2013-12-31,2013-09-11,asicuser,https://bitcointalk.org/index.php?topic=292501.0,2013-09-11
FUNK,The Cypherfunks,2015-06-18,2014-02-16,simondlr,https://bitcointalk.org/index.php?topic=469407.0,2014-02-16
FSC2,FriendshipCoin 2,2015-01-25,2015-01-07,kaptainkrayola,https://bitcointalk.org/index.php?topic=917364.0,2015-01-07
NBL,Nibble,2013-06-14,2013-05-18,hyoshi,https://bitcointalk.org/index.php?topic=209035.0,2013-05-18
QTL,Quatloo,2014-07-12,2014-06-17,MarKusRomanus,https://bitcointalk.org/index.php?topic=655793.0,2014-06-17
FCN,Fantomcoin,2014-06-08,2014-05-07,amphibian,https://bitcointalk.org/index.php?topic=598823.0,2014-05-07
FRC,Freicoin,2013-05-03,2012-06-25,maaku,https://bitcointalk.org/index.php?topic=89843.0,2012-06-25
SRC,SecureCoin,2013-09-28,2013-08-09,baritus,https://bitcointalk.org/index.php?topic=270852.0,2013-08-09
VTC,Vertcoin,2014-01-20,2014-01-08,Vertcoin,https://bitcointalk.org/index.php?topic=404364.0,2014-01-08
CORG,CorgiCoin,2014-02-21,2014-02-02,corgicoin,https://bitcointalk.org/index.php?topic=444700.0,2014-02-02
DIME,Dimecoin,2014-01-06,2013-12-23,dimecoin,https://bitcointalk.org/index.php?topic=382164.0,2013-12-23
FRK,Franko,2013-06-09,2013-05-11,defaced,https://bitcointalk.org/index.php?topic=202417.0,2013-05-11
ELC,Elacoin,2013-06-09,2013-05-13,Milkshake,https://bitcointalk.org/index.php?topic=203647.0,2013-05-13
XMG,Magi,2014-09-24,2014-08-12,joelao95,https://bitcointalk.org/index.php?topic=735170.0,2014-08-12
GME,GameCoin,2013-08-25,2013-05-12,gamecoin,https://bitcointalk.org/index.php?topic=202764.0,2013-05-12
SYNC,Sync,2014-05-21,2014-05-13,MsCollec,https://bitcointalk.org/index.php?topic=607919.0,2014-05-13
LTC,Litecoin,2013-04-28,2011-10-09,coblee,https://bitcointalk.org/index.php?topic=47417.0,2011-10-09
RDD,ReddCoin,2014-02-09,2014-01-20,ReddCoin,https://bitcointalk.org/index.php?topic=423597.0,2014-01-20
AUR,Auroracoin,2014-02-27,2014-02-02,balduro,https://bitcointalk.org/index.php?topic=446062.0,2014-02-02
ZED,Zedcoin,2014-03-06,2014-01-25,Kilo88,https://bitcointalk.org/index.php?topic=432261.0,2014-01-25
CARB,Carboncoin,2014-08-02,2014-03-22,axismundi,https://bitcointalk.org/index.php?topic=526031.0,2014-03-22
ELP,ElephantCoin,2014-08-26,2013-07-15,thisnewcoin,https://bitcointalk.org/index.php?topic=256501.0,2013-07-15
MINT,Mintcoin,2014-02-19,2014-02-05,mintcointeam,https://bitcointalk.org/index.php?topic=450381.0,2014-02-05
BBR,Boolberry,2014-06-24,2014-04-20,crypto_zoidberg,https://bitcointalk.org/index.php?topic=577267.0,2014-04-20
CLR,Copperlark,2013-11-03,2013-06-06,herveyc7helker,https://bitcointalk.org/index.php?topic=227252.0,2013-06-06
UNO,Unobtanium,2013-12-21,2013-10-17,Blazr2,https://bitcointalk.org/index.php?topic=313126.0,2013-10-17
MEC,Megacoin,2013-07-07,2013-05-29,kimoto,https://bitcointalk.org/index.php?topic=218851.0,2013-05-29
ALF,AlphaCoin,2013-07-07,2013-06-10,alphacoin,https://bitcointalk.org/index.php?topic=230868.0,2013-06-10
CDN,Canada eCoin,2014-05-11,2014-03-28,5RedneX,https://bitcointalk.org/index.php?topic=545675.0,2014-03-28
SBC,StableCoin,2013-07-07,2013-06-07,artos,https://bitcointalk.org/index.php?topic=227766.0,2013-06-07
NMB,Nimbus,2014-09-05,2014-05-23,sr.machado,https://bitcointalk.org/index.php?topic=622323.0,2014-05-23
ZET,Zetacoin,2013-09-10,2013-08-03,Giskard,https://bitcointalk.org/index.php?topic=267545.0,2013-08-03
SC,Siacoin,2015-08-26,2015-05-14,Taek,https://bitcointalk.org/index.php?topic=1060294.0,2015-05-14
XXX,XxXcoin,2014-07-03,2014-06-25,XXX_Coindev,https://bitcointalk.org/index.php?topic=665809.0,2014-06-25
MMC,Memorycoin,2013-12-24,2013-08-03,FreeTrade,https://bitcointalk.org/index.php?topic=267522.0,2013-08-03
I0C,I0Coin,2013-11-27,2011-08-11,BitcoinBug,https://bitcointalk.org/index.php?topic=36425.0,2011-08-11
BAT,BatCoin,2014-03-03,2014-01-06,.Batman.,https://bitcointalk.org/index.php?topic=400753.0,2014-01-06
SKC,Skeincoin,2014-03-15,2013-11-01,Red Kendra,https://bitcointalk.org/index.php?topic=322828.0,2013-11-01
CORE,CORE,2015-06-18,2015-02-20,HouseOP,https://bitcointalk.org/index.php?topic=962125.0,2015-02-20
TOP,TopCoin,2014-02-17,2014-09-01,topdude,https://bitcointalk.org/index.php?topic=765196.0,2014-09-01
LKY,Luckycoin,2013-06-14,2013-05-24,LuckyC,https://bitcointalk.org/index.php?topic=214614.0,2013-05-24
CAT,Catcoin,2013-12-28,2014-01-31,Maverickthenoob,https://bitcointalk.org/index.php?topic=441402.0,2014-01-31
LOT,LottoCoin,2013-12-28,2013-12-12,mrlotto,https://bitcointalk.org/index.php?topic=368153.0,2013-12-12
DUCK,DuckDuckCoin,2014-02-22,2014-02-04,mainduck,https://bitcointalk.org/index.php?topic=448221.0,2014-02-04
FRAC,Fractalcoin,2014-06-15,2014-06-12,Fractalcoin,https://bitcointalk.org/index.php?topic=650173.0,2014-06-12
QCN,QuazarCoin,2014-05-26,2014-05-19,OracionSeis,https://bitcointalk.org/index.php?topic=615732.0,2014-05-19
CCN,Cannacoin,2014-04-25,2014-02-22,Cannacoin,https://bitcointalk.org/index.php?topic=482425.0,2014-02-22
KARM,Karmacoin,2014-02-08,2014-02-03,Karmagood,https://bitcointalk.org/index.php?topic=447657.0,2014-02-03
PPC,Peercoin,2013-04-28,2012-08-10,Sunny King,https://bitcointalk.org/index.php?topic=99735.0,2012-08-10
XCR,Crypti,2014-08-07,2014-06-16,crypti,https://bitcointalk.org/index.php?topic=654463.0,2014-06-16
TX,TransferCoin,2015-08-20,2015-08-11,Transfer dev,https://bitcointalk.org/index.php?topic=1150229.0,2015-08-11
BTCD,BitcoinDark,2014-07-16,2014-07-09,Azeh,https://bitcointalk.org/index.php?topic=684090.0,2014-07-09
QRK,Quark,2013-08-25,2013-07-21,quarkcoin,https://bitcointalk.org/index.php?topic=260031.0,2013-07-21
42,42 Coin,2014-01-14,2014-01-01,hendo420,https://bitcointalk.org/index.php?topic=394212.0,2014-01-01
SOL,Solcoin,2014-09-07,2014-01-07,Solcoin Project,https://bitcointalk.org/index.php?topic=402170.0,2014-01-07
GMC,GameCredits,2014-09-01,2015-04-03,GMC Foundation,https://bitcointalk.org/index.php?topic=1010745.0,2015-04-03
TGC,Tigercoin,2013-12-21,2013-09-06,mintedstone,https://bitcointalk.org/index.php?topic=289312.0,2013-09-06
GAM,Gambit,2015-05-22,2015-05-05,raithe,https://bitcointalk.org/index.php?topic=1051324.0,2015-05-05
XMR,Monero,2014-05-20,2014-04-25,monero,https://bitcointalk.org/index.php?topic=583449.0,2014-04-25
VDO,Vidio,2014-10-20,2014-09-12,VidioShare,https://bitcointalk.org/index.php?topic=779552.0,2014-09-12
XPB,Pebblecoin,2015-03-31,2015-01-01,XPB,https://bitcointalk.org/index.php?topic=909624.0,2015-01-01
PXC,Phoenixcoin,2013-07-04,2013-11-11,ghostlander,https://bitcointalk.org/index.php?topic=330956.0,2013-11-11
TIPS,FedoraCoin,2013-12-31,2013-12-30,invisibel,https://bitcointalk.org/index.php?topic=391192.0,2013-12-30
NODE,Node,2014-09-13,2014-04-30,koop4u,https://bitcointalk.org/index.php?topic=590421.0,2014-04-30
ABC,Asset Backed Coin,2015-05-24,2015-05-20,ybcoin,https://bitcointalk.org/index.php?topic=1066093.0,2015-05-20
RBY,Rubycoin,2014-03-20,2014-02-11,rby,https://bitcointalk.org/index.php?topic=459622.0,2014-02-11
METAL,MetalCoin,2015-01-28,2014-12-08,xPooky,https://bitcointalk.org/index.php?topic=886655.0,2014-12-08
NEOS,NeosCoin,2014-08-25,2014-08-18,twoturtles,https://bitcointalk.org/index.php?topic=744291.0,2014-08-18
U,UCoin,2014-11-16,2014-11-12,UCoinTeam,https://bitcointalk.org/index.php?topic=855541.0,2014-11-12
CNC,CHNCoin,2013-05-08,2013-05-01,CHNCoin,https://bitcointalk.org/index.php?topic=192243.0,2013-05-01
STR,StarCoin,2014-02-02,2013-07-19,nzdude,https://bitcointalk.org/index.php?topic=259012.0,2013-07-19
CZC,CzechCrownCoin,2014-10-20,2014-05-05,czechcoin,https://bitcointalk.org/index.php?topic=596649.0,2014-05-05
EXCL,ExclusiveCoin,2014-09-30,2014-09-06,kingscrown,https://bitcointalk.org/index.php?topic=771755.0,2014-09-06
MRS,Marscoin,2014-02-24,2014-01-15,Btcdealer5011,https://bitcointalk.org/index.php?topic=416486.0,2014-01-15
CACH,CacheCoin,2014-02-15,2014-01-05,kalgecin,https://bitcointalk.org/index.php?topic=400389.0,2014-01-05
ZCC,ZcCoin,2014-08-05,2013-08-05,zccoin,https://bitcointalk.org/index.php?topic=268575.0,2013-08-05
NRB,Noirbits,2013-07-04,2013-08-08,stbgefltc,https://bitcointalk.org/index.php?topic=270264.0,2013-08-08
EXE,Execoin,2014-03-10,2014-02-27,execoin,https://bitcointalk.org/index.php?topic=491058.0,2014-02-27
ACOIN,Acoin,2014-09-13,2014-08-29,A-Coin,https://bitcointalk.org/index.php?topic=761818.0,2014-08-29
NOTE,DNotes,2014-03-08,2014-02-16,DNotes,https://bitcointalk.org/index.php?topic=470155.0,2014-02-16
QB,Quarkbar,2014-05-26,2014-02-26,QuarkBar,https://bitcointalk.org/index.php?topic=488455.0,2014-02-26
PURE,PurePOS,2015-08-23,2015-08-22,PurePOS,https://bitcointalk.org/index.php?topic=1159409.0,2015-08-22
ARG,Argentum,2013-07-04,2013-06-11,AlphaC,https://bitcointalk.org/index.php?topic=231524.0,2013-06-11
TRUST,TrustPlus,2014-07-10,2014-06-21,mitchellmint,https://bitcointalk.org/index.php?topic=659848.0,2014-06-21
EZC,EZCoin,2013-07-04,2013-05-30,ezcoin,https://bitcointalk.org/index.php?topic=220103.0,2013-05-30
SKYNET,SkyNET,2014-12-13,2014-08-29,SkynetDev,https://bitcointalk.org/index.php?topic=761880.0,2014-08-29
GAIA,GAIA,2014-10-11,2013-12-27,JonnyBravo,https://bitcointalk.org/index.php?topic=387863.0,2013-12-27
MONA,MonaCoin,2014-03-20,2013-12-30,2chpool,https://bitcointalk.org/index.php?topic=392088.0,2013-12-30
OPAL,Opal,2014-09-13,2014-09-11,OpalTeam,https://bitcointalk.org/index.php?topic=778677.0,2014-09-11
DRKC,DarkCash,2014-07-29,2014-07-25,zlibz,https://bitcointalk.org/index.php?topic=709322.0,2014-07-25
SPA,SpainCoin,2014-03-15,2014-03-04,SpainCoinDev,https://bitcointalk.org/index.php?topic=500511.0,2014-03-04
HEEL,HeelCoin,2015-10-27,2015-07-10,heelcoin,https://bitcointalk.org/index.php?topic=1117670.0,2015-07-10
GP,GoldPieces,2015-01-16,2015-05-07,HYPERfuture,https://bitcointalk.org/index.php?topic=1053441.0,2015-05-07
HZT,HazMatCoin,2015-04-17,2015-04-10,HazMatCoin-Dev,https://bitcointalk.org/index.php?topic=1019312.0,2015-04-10
XPY,PayCoin,2014-12-16,2014-12-15,manfred87,https://bitcointalk.org/index.php?topic=895061.0,2014-12-15
FIMK,FIMKrypto,2014-07-12,2014-05-31,Eliphaz Fimk,https://bitcointalk.org/index.php?topic=633304.0,2014-05-31
FFC,FireFlyCoin,2014-10-26,2013-12-30,Investment,https://bitcointalk.org/index.php?topic=391523.0,2013-12-30
GUA,Guarany,2014-11-23,2014-12-20,guaranycrypto,https://bitcointalk.org/index.php?topic=900091.0,2014-12-20
GUN,Guncoin,2014-05-11,2014-03-03,guncoin_support,https://bitcointalk.org/index.php?topic=498671.0,2014-03-03
YBC,YbCoin,2014-01-16,2013-07-03,mikaelh,https://bitcointalk.org/index.php?topic=249360.0,2013-07-03
TTC,TittieCoin,2014-11-08,2014-01-29,vertoe,https://bitcointalk.org/index.php?topic=438174.0,2014-01-29
GRT,Grantcoin,2015-07-27,2015-05-03,The Grantcoin Foundation,https://bitcointalk.org/index.php?topic=1046001.0,2015-05-03
GRS,GroestlCoin,2014-04-11,2014-03-22,gruve_p,https://bitcointalk.org/index.php?topic=525926.0,2014-03-22
1337,1337,2015-11-09,2014-01-10,.Batman.,https://bitcointalk.org/index.php?topic=409150.0,2014-01-10
GRF,Graffiti,2015-08-17,2015-07-24,Graffiti,https://bitcointalk.org/index.php?topic=1133970.0,2015-07-24
FTC,Feathercoin,2013-05-03,2013-04-21,thep33t,https://bitcointalk.org/index.php?topic=182656.0,2013-04-21
ZS,ZimStake,2014-05-02,2014-04-25,CryptoGir,https://bitcointalk.org/index.php?topic=583591.0,2014-04-25
HYPER,Hyper,2014-05-31,2013-05-30,shakezula,https://bitcointalk.org/index.php?topic=219665.0,2013-05-30
MI,Xiaomicoin,2015-09-04,2015-05-25,she9888,https://bitcointalk.org/index.php?topic=1068526.0,2015-05-25
DON,Donationcoin,2014-06-15,2014-04-21,Donationcoin,https://bitcointalk.org/index.php?topic=578695.0,2014-04-21
BLITZ,Blitz,2014-11-16,2014-04-26,slavo,https://bitcointalk.org/index.php?topic=585741.0,2014-04-26
CLAM,Clams,2014-08-25,2014-05-24,SuperClam,https://bitcointalk.org/index.php?topic=623147.0,2014-05-24
BSC,BowsCoin,2015-07-13,2015-04-27,Bowscoin_dev,https://bitcointalk.org/index.php?topic=1039949.0,2015-04-27
FC2,FuelCoin,2014-06-12,2014-04-30,FuelCoinTeam,https://bitcointalk.org/index.php?topic=589879.0,2014-04-30
UNITY,SuperNET,2014-10-01,2014-08-30,jl777,https://bitcointalk.org/index.php?topic=762346.0,2014-08-30
XTC,TileCoin,2014-10-25,2014-08-29,ASIC-8Tile,https://bitcointalk.org/index.php?topic=761852.0,2014-08-29
ALN,Aliencoin,2014-03-15,2014-01-09,Aliencoin,https://bitcointalk.org/index.php?topic=407460.0,2014-01-09
QUIT,QuitDough,2015-03-22,2015-04-09,QuitDough,https://bitcointalk.org/index.php?topic=1019208.0,2015-04-09
ORB,Orbitcoin,2013-12-21,2014-03-06,mill0601,https://bitcointalk.org/index.php?topic=504131.0,2014-03-06
GLYPH,Glyph,2014-06-17,2014-06-08,GLYPH,https://bitcointalk.org/index.php?topic=644141.0,2014-06-08
FUTC,FutCoin,2015-07-21,2015-02-19,FUTCOIN,https://bitcointalk.org/index.php?topic=960951.0,2015-02-19
TOR,TorCoin,2014-07-12,2014-07-04,torcoin,https://bitcointalk.org/index.php?topic=677434.0,2014-07-04
CAP,Bottlecaps,2013-07-04,2013-12-28,binaryclock,https://bitcointalk.org/index.php?topic=388976.0,2013-12-28
MOTO,Motocoin,2014-06-03,2014-05-01,WilliamLie2,https://bitcointalk.org/index.php?topic=591724.0,2014-05-01
OS76,OsmiumCoin,2015-10-19,2015-10-06,OSMIUMCOIN,https://bitcointalk.org/index.php?topic=1201395.0,2015-10-06
ERC,EuropeCoin,2015-06-18,2014-05-03,EuropeCoin,https://bitcointalk.org/index.php?topic=594797.0,2014-05-03
CELL,SolarFarm,2015-01-25,2015-01-08,koko2530,https://bitcointalk.org/index.php?topic=917737.0,2015-01-08
VPN,VPNCoin,2014-11-23,2014-07-22,vpncoin,https://bitcointalk.org/index.php?topic=705446.0,2014-07-22
DCYP,DarkCypher,2015-10-24,2015-10-06,Atomictie,https://bitcointalk.org/index.php?topic=1202219.0,2015-10-06
STV,Sativacoin,2014-10-20,2014-09-21,sativacoin,https://bitcointalk.org/index.php?topic=791266.0,2014-09-21
ZRC,ZiftrCOIN,2015-03-03,2015-03-18,gnargnar,https://bitcointalk.org/index.php?topic=995250.0,2015-03-18
RZR,Razor,2014-06-21,2014-06-08,RazorTech,https://bitcointalk.org/index.php?topic=644498.0,2014-06-08
LEAF,LeafCoin,2014-02-02,2014-01-24,mcg,https://bitcointalk.org/index.php?topic=430091.0,2014-01-24
BTC,Bitcoin,2013-04-28,2012-03-14,joshbb,https://bitcointalk.org/index.php?topic=68797.0,2012-03-14
BAY,BitBay,2014-11-16,2014-10-30,BitBay Team,https://bitcointalk.org/index.php?topic=840972.0,2014-10-30
LSD,Lightspeed,2014-09-13,2014-09-04,lightspeedLS,https://bitcointalk.org/index.php?topic=769832.0,2014-09-04
RNC,ReturnCoin,2015-12-15,2015-12-04,ReturnCoin,https://bitcointalk.org/index.php?topic=1275813.0,2015-12-04
TROLL,Trollcoin,2014-09-30,2014-02-07,TrollCoins,https://bitcointalk.org/index.php?topic=452810.0,2014-02-07
AMP,Synereo,2015-12-04,2015-03-19,Elokane,https://bitcointalk.org/index.php?topic=995987.0,2015-03-19
CHIPS,SmartChips,2015-05-06,2015-10-07,Cyrus,https://bitcointalk.org/index.php?topic=1202303.0,2015-10-07
CRYPT,CryptCoin,2014-05-26,2014-05-20,ccryptcoin,https://bitcointalk.org/index.php?topic=618377.0,2014-05-20
NYC,NewYorkCoin,2014-05-06,2014-03-18,scryptenthusiast,https://bitcointalk.org/index.php?topic=520400.0,2014-03-18
PRIME,PrimeChain,2015-09-14,2015-08-11,iGotSpots,https://bitcointalk.org/index.php?topic=1149892.0,2015-08-11
BYC,Bytecent,2014-11-23,2014-12-08,Yanakitu Tenatako,https://bitcointalk.org/index.php?topic=886288.0,2014-12-08
CME,Cashme,2015-11-23,2015-08-29,stewpak,https://bitcointalk.org/index.php?topic=1165889.0,2015-08-29
SPR,SpreadCoin,2014-10-26,2014-11-10,Riseman,https://bitcointalk.org/index.php?topic=853976.0,2014-11-10
EKN,Elektron,2015-04-11,2015-04-10,ElektronFoundation,https://bitcointalk.org/index.php?topic=1019681.0,2015-04-10
REP,Augur,2015-10-27,2015-11-02,Komonec,https://bitcointalk.org/index.php?topic=1235050.0,2015-11-02
CTM,ContinuumCoin,2014-02-27,2014-02-05,corsaro,https://bitcointalk.org/index.php?topic=450148.0,2014-02-05
CTO,Crypto,2015-05-18,2014-11-21,CryptoNext,https://bitcointalk.org/index.php?topic=867408.0,2014-11-21
FCT,Factom,2015-10-05,2015-09-08,richwang01,https://bitcointalk.org/index.php?topic=1174292.0,2015-09-08
BST,BitStone,2015-11-30,2015-06-12,BitStoneDev,https://bitcointalk.org/index.php?topic=1088486.0,2015-06-12
DROP,Faucetcoin,2015-11-02,2015-11-14,Lahvacekmoney,https://bitcointalk.org/index.php?topic=1249796.0,2015-11-14
AUM,Alexium,2015-08-20,2015-01-23,mprep,https://bitcointalk.org/index.php?topic=934017.0,2015-01-23
RIPO,RipoffCoin,2014-08-23,2014-08-01,RipoffCoinDevTeam,https://bitcointalk.org/index.php?topic=721006.0,2014-08-01
HUGE,BigCoin,2015-04-24,2015-01-25,hardforkcoin,https://bitcointalk.org/index.php?topic=935597.0,2015-01-25
JINN,Jinn,2014-10-03,2015-12-02,DecentralizeEconomics,https://bitcointalk.org/index.php?topic=1273040.0,2015-12-02
PND,Pandacoin,2014-02-27,2014-02-14,slaithe,https://bitcointalk.org/index.php?topic=464476.0,2014-02-14
MGW,MGW,2014-08-22,2014-03-05,jl777,https://bitcointalk.org/index.php?topic=501653.0,2014-03-05
SSD,Sonic,2014-08-12,2014-08-24,argakiig,https://bitcointalk.org/index.php?topic=755180.0,2014-08-24
X2,X2,2015-12-15,2013-05-13,nookiegirl,https://bitcointalk.org/index.php?topic=203861.0,2013-05-13
BITCNY,bitCNY,2014-09-23,2014-08-25,instacash,https://bitcointalk.org/index.php?topic=756454.0,2014-08-25
ANTI,AntiBitcoin,2015-12-15,2015-11-24,anonymousx,https://bitcointalk.org/index.php?topic=1261618.0,2015-11-24
ORO,ORObit,2014-02-27,2014-02-26,deeppurple72,https://bitcointalk.org/index.php?topic=489706.0,2014-02-26
OBITS,Obits,2015-11-30,2015-11-14,tolvik1772,https://bitcointalk.org/index.php?topic=1249566.0,2015-11-14
AGS,Aegis,2014-08-25,2014-07-06,aegisproject,https://bitcointalk.org/index.php?topic=679580.0,2014-07-06
DRKT,DarkTron,2015-06-10,2015-06-07,DarkTron Team,https://bitcointalk.org/index.php?topic=1083744.0,2015-06-07
LAB,Coinworkscoin,2014-10-25,2014-12-25,DUMPcoin,https://bitcointalk.org/index.php?topic=904491.0,2014-12-25
MAD,SatoshiMadness,2015-09-01,2015-08-16,WhoIsNotMad,https://bitcointalk.org/index.php?topic=1154489.0,2015-08-16
EVO,Evotion,2015-12-09,2015-11-24,Evo Shi Un,https://bitcointalk.org/index.php?topic=1261244.0,2015-11-24
007,007Coin,2015-04-23,2015-04-21,007coin,https://bitcointalk.org/index.php?topic=1033996.0,2015-04-21
HUN,Hundredcoin,2015-06-19,2014-09-29,shagger,https://bitcointalk.org/index.php?topic=802204.0,2014-09-29
BLU,BlueCoin,2014-04-28,2014-04-22,BlueCoiner,https://bitcointalk.org/index.php?topic=580639.0,2014-04-22
DSB,DarkShibe,2014-10-25,2014-10-23,DarkShibe,https://bitcointalk.org/index.php?topic=833133.0,2014-10-23
NOC,Nocturna,2015-07-27,2015-07-12,NocturaDev,https://bitcointalk.org/index.php?topic=1118544.0,2015-07-12
NXTPRIVACY,NXTprivacy,2014-10-04,2014-08-30,jl777,https://bitcointalk.org/index.php?topic=762346.0,2014-08-30
DOT,Dotcoin,2015-02-15,2014-03-31,KimDotCoin,https://bitcointalk.org/index.php?topic=550851.0,2014-03-31
SOIL,SOILcoin,2015-11-12,2015-09-10,soil,https://bitcointalk.org/index.php?topic=1176709.0,2015-09-10
LTS,LiteStarCoin,2015-10-23,2015-02-17,litestar,https://bitcointalk.org/index.php?topic=959292.0,2015-02-17
DFT,DraftCoin,2015-11-23,2014-10-26,simonsez,https://bitcointalk.org/index.php?topic=835032.0,2014-10-26
VEC,Vector,2015-09-04,2015-08-29,VectorDev,https://bitcointalk.org/index.php?topic=1165060.0,2015-08-29
NTR,Neutrino,2014-06-12,2014-06-19,NTRscam,https://bitcointalk.org/index.php?topic=657607.0,2014-06-19
BITEUR,bitEUR,2015-06-08,2015-05-03,d5000,https://bitcointalk.org/index.php?topic=1046564.0,2015-05-03
BANX,BanxShares,2014-09-30,2014-10-06,MarkLyford,https://bitcointalk.org/index.php?topic=813191.0,2014-10-06
ABY,ArtByte,2014-06-12,2014-03-06,First.Bitcoins,https://bitcointalk.org/index.php?topic=503131.0,2014-03-06
MMBTCD,MMBTCD,2015-07-07,2015-09-03,sasha35625,https://bitcointalk.org/index.php?topic=1169633.0,2015-09-03
BITBTC,bitBTC,2014-09-23,2015-03-10,Newmine,https://bitcointalk.org/index.php?topic=984088.0,2015-03-10
PRIVATEBET,Privatebet,2014-10-04,2014-08-30,jl777,https://bitcointalk.org/index.php?topic=762346.0,2014-08-30
OPENBTC,OpenBTC,2015-11-30,2015-11-03,CCEDKaps,https://bitcointalk.org/index.php?topic=1236684.0,2015-11-03
FCX,Fantom,2015-11-23,2015-10-24,DuckYeah!,https://bitcointalk.org/index.php?topic=1219043.0,2015-10-24
AX,AmeroX,2015-12-01,2015-10-29,AmeroX,https://bitcointalk.org/index.php?topic=1229925.0,2015-10-29
XBC,Bitcoin Plus,2014-05-03,2014-03-30,XBCplus,https://bitcointalk.org/index.php?topic=549485.0,2014-03-30
BTCS,Bitcoin Scrypt,2014-03-17,2014-03-17,kosmost,https://bitcointalk.org/index.php?topic=519162.0,2014-03-17
FLAX,Flaxscript,2015-07-25,2015-06-25,ocminer,https://bitcointalk.org/index.php?topic=1099181.0,2015-06-25
CBX,Crypto Bullion,2013-08-04,2011-09-03,tylerR,https://bitcointalk.org/index.php?topic=41220.0,2011-09-03
XFC,Forevercoin,2015-06-24,2014-06-22,finerpay,https://bitcointalk.org/index.php?topic=661788.0,2014-06-22
XPD,PetroDollar,2014-04-15,2014-02-18,coinweaver,https://bitcointalk.org/index.php?topic=472238.0,2014-02-18
020,020LondonCoin,2015-09-15,2015-06-27,020LondonCoin,https://bitcointalk.org/index.php?topic=1101438.0,2015-06-27
DICE,NeoDICE,2014-11-08,2012-09-26,SRoulette,https://bitcointalk.org/index.php?topic=112985.0,2012-09-26
CB,CryptoByte,2015-10-24,2014-08-18,Vertaisvaluutta,https://bitcointalk.org/index.php?topic=744825.0,2014-08-18
FIC,Full Integrity Coin,2015-07-09,2014-10-28,fullintegrity,https://bitcointalk.org/index.php?topic=837752.0,2014-10-28
GBC,GBCGoldCoin,2015-12-05,2014-06-17,Soul_eater_123,https://bitcointalk.org/index.php?topic=655837.0,2014-06-17
BCENT,BitCent,2015-02-06,2011-02-18,Kolbas,https://bitcointalk.org/index.php?topic=3574.0,2011-02-18
USDT,Tether,2015-02-25,2015-06-15,Hollingsworth,https://bitcointalk.org/index.php?topic=1090243.0,2015-06-15
