symbol,name,ann
BTC,Bitcoin,http://article.gmane.org/gmane.comp.encryption.general/12588/
IXC,iXcoin,https://bitcointalk.org/index.php?topic=36218.0
I0C,I0coin,https://bitcointalk.org/index.php?topic=36425.0
SC,SolidCoin,https://bitcointalk.org/index.php?topic=38453.0
GG,GeistGeld,https://bitcointalk.org/index.php?topic=42417.0
TBX,Tenebrix,https://bitcointalk.org/index.php?topic=45667.0
FBX,Fairbrix,https://bitcointalk.org/index.php?topic=46528.0
LTC,Litecoin,https://bitcointalk.org/index.php?topic=47417.0
BQC,BBQcoin,https://bitcointalk.org/index.php?topic=307923.0
SRC,Sunrisecoin,https://bitcointalk.org/index.php?topic=206017.0
NET,Netcoin,https://bitcointalk.org/index.php?topic=201402.0
FRK,Franko,https://bitcointalk.org/index.php?topic=202417.0
ANC,Anoncoin,https://bitcointalk.org/index.php?topic=309716.0
IFC,Infinitecoin,https://bitcointalk.org/index.php?topic=225891.0
XNC,Xencoin,https://bitcointalk.org/index.php?topic=237998.0
FLO,Florincoin,https://bitcointalk.org/index.php?topic=236742.0
MEC,Megacoin,https://bitcointalk.org/index.php?topic=218851.0
NAN,Nanotoken,https://bitcointalk.org/index.php?topic=242491.0
MNC,Mincoin,https://bitcointalk.org/index.php?topic=165397.0
TCN,Tr011Coin,https://bitcointalk.org/index.php?topic=367303.0
DGC,Digitalcoin,https://bitcointalk.org/index.php?topic=785601.0
WDC,Worldcoin,https://bitcointalk.org/index.php?topic=204894.0
PNC,PornCoin,https://bitcointalk.org/index.php?topic=219452.0
NBL,Nibble,https://bitcointalk.org/index.php?topic=209035.0
ALF,AlphaCoin,https://bitcointalk.org/index.php?topic=230868.0
ARG,Argentum,https://bitcointalk.org/index.php?topic=231524.0
PWC,Powercoin,https://bitcointalk.org/index.php?topic=203505.0
FST,Fastcoin,https://bitcointalk.org/index.php?topic=218852.0
GLC,Globalcoin,https://bitcointalk.org/index.php?topic=243911.0
6CN,6coin,https://bitcointalk.org/index.php?topic=239201.0
RCH,Richcoin,https://bitcointalk.org/index.php?topic=239251.0
REC,Realcoin,https://bitcointalk.org/index.php?topic=227149.0
eDC,e-Dollar,https://bitcointalk.org/index.php?topic=248336.0
EMD,Emerald Crypto,https://bitcointalk.org/index.php?topic=235870.0
SXC,Sexcoin,https://bitcointalk.org/index.php?topic=218158.0
NC,Nucoin,https://bitcointalk.org/index.php?topic=241128.0
TDC,Tradecoin,https://bitcointalk.org/index.php?topic=242857.0
VLC,Valuecoin,https://bitcointalk.org/index.php?topic=239666.0
LKY,Luckycoin,https://bitcointalk.org/index.php?topic=214614.0
DOGE,Dogecoin,https://bitcointalk.org/index.php?topic=361813.0
APE,Apecoin,https://bitcointalk.org/index.php?topic=375938.0
NYAN,Nyancoin,https://bitcointalk.org/index.php?topic=380223.0
CAT,Catcoin,https://bitcointalk.org/index.php?topic=441402.0
PAND,Pandacoin,https://bitcointalk.org/index.php?topic=464476.0
JBG,JebigaCoin,https://bitcointalk.org/index.php?topic=530408.0
SPC,Supercoin,https://bitcointalk.org/index.php?topic=206164.0
CSC,Casinocoin,https://bitcointalk.org/index.php?topic=258090.0
RED,Redcoin,https://bitcointalk.org/index.php?topic=246693.0
EGC,Eaglecoin,https://bitcointalk.org/index.php?topic=260484.0
ELP,ElephantCoin,https://bitcointalk.org/index.php?topic=256501.0
QTC,Quantumcoin,https://bitcointalk.org/index.php?topic=224198.0
USC,Uscoin,https://bitcointalk.org/index.php?topic=215465.0
FEC,Ferretcoin,https://bitcointalk.org/index.php?topic=247208.0
GLD,Goldcoin,https://bitcointalk.org/index.php?topic=263459.0
PXC,Phoenixcoin,https://bitcointalk.org/index.php?topic=330956.0
RYC,Royalcoin,https://bitcointalk.org/index.php?topic=199839.0
SBC,Stablecoin,https://bitcointalk.org/index.php?topic=227766.0
NRB,Noirbits,https://bitcointalk.org/index.php?topic=270264.0
CTC,Crimecoin=Communitycoin,https://bitcointalk.org/index.php?topic=280451.0
JPC,Jupitercoin,https://bitcointalk.org/index.php?topic=259918.0
CNC,CHNCoin,https://bitcointalk.org/index.php?topic=192243.0
EZC,EzCoin,https://bitcointalk.org/index.php?topic=220103.0
ICE,Icecoin,https://bitcointalk.org/index.php?topic=232186.0
HYC,Hypercoin,https://bitcointalk.org/index.php?topic=218737.0
ELC,ELACoin,https://bitcointalk.org/index.php?topic=203647.0
ZEU,Zeuscoin,https://bitcointalk.org/index.php?topic=308741.0
BEL,Bells,https://bitcointalk.org/index.php?topic=349695.0
PLT,PlayToken,https://bitcointalk.org/index.php?topic=266521.0
EXC,Extremecoin,https://bitcointalk.org/index.php?topic=276609.0
ITC,Italycoin,https://bitcointalk.org/index.php?topic=296775.0
GIL,GIL,https://bitcointalk.org/index.php?topic=255844.0
PCN,Picoin,https://bitcointalk.org/index.php?topic=281889.0
WEC,Weedcoin,https://bitcointalk.org/index.php?topic=219748.0
TYC,Tinycoin(Angrycoin),https://bitcointalk.org/index.php?topic=228809.0
ARC,Argcoin,https://bitcointalk.org/index.php?topic=278166.0
CRC,Craftcoin,https://bitcointalk.org/index.php?topic=250343.0
DBL,Doubloons,https://bitcointalk.org/index.php?topic=206361.0
GME,Gamecoin,https://bitcointalk.org/index.php?topic=202764.0
STR,StarCoin,https://bitcointalk.org/index.php?topic=259012.0
ADT,AndroidsTokens,https://bitcointalk.org/index.php?topic=276884.0
COL,Colossuscoin,https://bitcointalk.org/index.php?topic=280114.0
FLS,Flashcoin,https://bitcointalk.org/index.php?topic=222450.0
QWC,Quickcoin,https://bitcointalk.org/index.php?topic=226342.0
VAG,VaginaCoin,https://bitcointalk.org/index.php?topic=221190.0
BEST,Bestcoin,https://bitcointalk.org/index.php?topic=266439.0
POK,Pokercoin,https://bitcointalk.org/index.php?topic=250711.0
CYB,Cryptobits,https://bitcointalk.org/index.php?topic=261194.0
AMC,Americancoin,https://bitcointalk.org/index.php?topic=932375.0
BOS,Bosscoin,https://bitcointalk.org/index.php?topic=355729.0
LOVE,Lovecoin,https://bitcointalk.org/index.php?topic=367898.0
SMC,Smartcoin,https://bitcointalk.org/index.php?topic=400893.0
DNC,Dragoncoin,https://bitcointalk.org/index.php?topic=216653.0
SPT,Spots,https://bitcointalk.org/index.php?topic=259764.0
CPR,CopperBar,https://bitcointalk.org/index.php?topic=272170.0
PINGAS,Pingas,https://bitcointalk.org/index.php?topic=387319.0
GEO,GeoCoin,https://bitcointalk.org/index.php?topic=277091.0
LOT,Lottocoin,https://bitcointalk.org/index.php?topic=368153.0
XIV,Xivra,https://bitcointalk.org/index.php?topic=376160.0
LDC,Leadcoin,https://bitcointalk.org/index.php?topic=382404.0
CHI,Chicoin,https://bitcointalk.org/index.php?topic=382690.0
MEOW,Kittehcoin,https://bitcointalk.org/index.php?topic=383068.0
HTC,Hotcoin,https://bitcointalk.org/index.php?topic=382947.0
NWC,Networkcoin,https://bitcointalk.org/index.php?topic=387657.0
HAM,HamsterCoin,https://bitcointalk.org/index.php?topic=388650.0
VWC,Vaporcoin,https://bitcointalk.org/index.php?topic=390735.0
MOON,Mooncoin,https://bitcointalk.org/index.php?topic=389403.0
TX,TransferCoin,https://bitcointalk.org/index.php?topic=1150229.0
TIPS,Fedoracoin,https://bitcointalk.org/index.php?topic=391192.0
42,42 coin,https://bitcointalk.org/index.php?topic=394212.0
CAGE,Cagecoin,https://bitcointalk.org/index.php?topic=394964.0
BOS,Bosscoin,https://bitcointalk.org/index.php?topic=395212.0
VOLT,Electric,https://bitcointalk.org/index.php?topic=396628.0
MDC,Mediacoin,https://bitcointalk.org/index.php?topic=398936.0
BAT,Batcoin,https://bitcointalk.org/index.php?topic=400753.0
SOL,Solcoin,https://bitcointalk.org/index.php?topic=402170.0
NOBL,NobleCoin,https://bitcointalk.org/index.php?topic=402667.0
MOSC,Mousecoin,https://bitcointalk.org/index.php?topic=405820.0
SOC,Socialcoin,https://bitcointalk.org/index.php?topic=412331.0
JUN,JunnonCoin,https://bitcointalk.org/index.php?topic=413029.0
BEC,Beaocoin,https://bitcointalk.org/index.php?topic=327516.0
ALC,Alcohoin,https://bitcointalk.org/index.php?topic=426299.0
KARM,Karmacoin,https://bitcointalk.org/index.php?topic=447657.0
HBC,Hobbitcoin,https://bitcointalk.org/index.php?topic=437947.0
CORG,Corgicoin,https://bitcointalk.org/index.php?topic=444700.0
OLY,Olimpiccoin,https://bitcointalk.org/index.php?topic=453085.0
SNP,Snapcoin,https://bitcointalk.org/index.php?topic=457158.0
FLAP,Flappycoin,https://bitcointalk.org/index.php?topic=464743.0
DUCK,DuckDuckcoin,https://bitcointalk.org/index.php?topic=448221.0
CCC,CancerCureCoin,https://bitcointalk.org/index.php?topic=448269.0
APP,Appcoin,https://bitcointalk.org/index.php?topic=475160.0
GMC,GameCredits,https://bitcointalk.org/index.php?topic=1010745.0
ENC,Entropycoin,https://bitcointalk.org/index.php?topic=482284.0
RON,Swansoncoin,https://bitcointalk.org/index.php?topic=478244.0
PIC,Pizzacoin,https://bitcointalk.org/index.php?topic=431508.0
BEER,Beercoin,https://bitcointalk.org/index.php?topic=445553.0
PAS,Pastacoin,https://bitcointalk.org/index.php?topic=445560.0
FISH,Fishcoin,https://bitcointalk.org/index.php?topic=391858.0
VDC,Vodcacoin,https://bitcointalk.org/index.php?topic=440159.0
HAC,Hamburgercoin,https://bitcointalk.org/index.php?topic=431512.0
LADY,Ladycoin,https://bitcointalk.org/index.php?topic=445680.0
MUSC,Musiccoin,https://bitcointalk.org/index.php?topic=445668.0
CIC,Cinemacoin,https://bitcointalk.org/index.php?topic=445624.0
CHAM,Championcoin,https://bitcointalk.org/index.php?topic=429836.0
NOTE,DNotes,https://bitcointalk.org/index.php?topic=470155.0
FUNK,Cypherfunk,https://bitcointalk.org/index.php?topic=469407.0
VMP,Vampirecoin,https://bitcointalk.org/index.php?topic=455690.0
LYC,Lycancoin,https://bitcointalk.org/index.php?topic=455770.0
ZMB,Zombiecoin,https://bitcointalk.org/index.php?topic=455703.0
MVC,Moviecoin,https://bitcointalk.org/index.php?topic=466953.0
RBY,Rubycoin,https://bitcointalk.org/index.php?topic=459622.0
PHI,Phicoin,https://bitcointalk.org/index.php?topic=449104.0
BLA,Bladecoin,https://bitcointalk.org/index.php?topic=452956.0
FRY,Frycoin,https://bitcointalk.org/index.php?topic=449648.0
RPD,Rapidcoin,https://bitcointalk.org/index.php?topic=448291.0
LMC,Lemoncoin,https://bitcointalk.org/index.php?topic=456597.0
ANT,Antimatter,https://bitcointalk.org/index.php?topic=460112.0
BEE,Beecoin,https://bitcointalk.org/index.php?topic=461550.0
CARB,Carboncoin,https://bitcointalk.org/index.php?topic=526031.0
SHC,Scherlockcoin,https://bitcointalk.org/index.php?topic=454981.0
VGC,Vegascoin,https://bitcointalk.org/index.php?topic=466312.0
FSC,Friendshipcoin,https://bitcointalk.org/index.php?topic=461358.0
EQB,EquestrianBit,https://bitcointalk.org/index.php?topic=471712.0
PENG,Penguincoin,https://bitcointalk.org/index.php?topic=442876.0
ONI,Onioncoin,https://bitcointalk.org/index.php?topic=449964.0
PCC,Polishcoin,https://bitcointalk.org/index.php?topic=461130.0
VNC,Verncoin,https://bitcointalk.org/index.php?topic=465274.0
TAXI,Taxicoin,https://bitcointalk.org/index.php?topic=475815.0
BLL,Billaume,https://bitcointalk.org/index.php?topic=448528.0
MCR,Macrocoin,https://bitcointalk.org/index.php?topic=455269.0
MRS,Marscoin,https://bitcointalk.org/index.php?topic=416486.0
LTB,Litebar,https://bitcointalk.org/index.php?topic=461108.0
XXL,XXLcoin,https://cryptocointalk.com/topic/4107-xxlcoin-xxl-information/
SDM,Spodermancoin,https://bitcointalk.org/index.php?topic=450897.0
PAND,Pandacoin,https://bitcointalk.org/index.php?topic=399127.0
RDD,Reddcoin,https://bitcointalk.org/index.php?topic=423597.0
YACC,YACCoin,https://cryptocointalk.com/topic/4989-feb-12th-2014-yaccoin-launched/
PRC,Prospercoin,https://bitcointalk.org/index.php?topic=438433.0
SUN,Suncoin,https://bitcointalk.org/index.php?topic=485677.0
SOCHI,Sochicoin,https://bitcointalk.org/index.php?topic=454536.0
ZED,Zedcoin,https://bitcointalk.org/index.php?topic=432261.0
TOP,Topcoin,https://bitcointalk.org/index.php?topic=765196.0
AUR,Auroracoin,https://bitcointalk.org/index.php?topic=446062.0
BELI,Beli,https://bitcointalk.org/index.php?topic=460810.0
BELA,Bellacoin,https://cryptocointalk.com/topic/3845-ann-bellacoin-bela-scrypt-coin-announcement/
COIN,Coin,https://bitcointalk.org/index.php?topic=485846.0
PIGGY,PiggyCoin,https://bitcointalk.org/index.php?topic=633803.0
CCN,Cannacoin,https://bitcointalk.org/index.php?topic=482425.0
SVC,Sovereigncoin,https://bitcointalk.org/index.php?topic=489850.0
EXE,Execoin,https://bitcointalk.org/index.php?topic=491058.0
JNY,JennyCoin,https://bitcointalk.org/index.php?topic=527919.0
GAM,GammaCoin,https://bitcointalk.org/index.php?topic=538311.0
ISR,Isracoin,https://bitcointalk.org/index.php?topic=529409.0
YOLO,Yolocoin,https://bitcointalk.org/index.php?topic=602042.0
FREEB,FreebiesCoin,https://bitcointalk.org/index.php?topic=597273.0
MXT,MarteXcoin,https://bitcointalk.org/index.php?topic=598162.0
IDC,IndoCoin,https://bitcointalk.org/index.php?topic=612311.0
FUN,FunCoin,https://bitcointalk.org/index.php?topic=605315.0
AIM,AimCoin,https://bitcointalk.org/index.php?topic=617828.0
WFC,World Football Coin,https://bitcointalk.org/index.php?topic=616606.0
CFN,ConfessionCoin,https://bitcointalk.org/index.php?topic=606996.0
G8,G8Coin,https://bitcointalk.org/index.php?topic=667329.0
XXX,XXXCoin,https://bitcointalk.org/index.php?topic=665809.0
QTL,Quatloo,https://bitcointalk.org/index.php?topic=655793.0
FJC,FujiCoin,https://bitcointalk.org/index.php?topic=644601.0
AID,Aidcoins,https://bitcointalk.org/index.php?topic=637962.0
M.J,M.JCoin,https://bitcointalk.org/index.php?topic=665964.0
numc,Numbercoin,https://bitcointalk.org/index.php?topic=631948.0
RC,Russiacoin,https://bitcointalk.org/index.php?topic=630009.0
CZC,Czechcoin,https://bitcointalk.org/index.php?topic=596649.0
Kool,Koolio Coin,https://bitcointalk.org/index.php?topic=686727.0
RSC,RescueCoin,https://bitcointalk.org/index.php?topic=679760.0
LTCD,LitecoinDark,https://bitcointalk.org/index.php?topic=760143.0
CPTL,CapitalCoin,https://www.altcoincalendar.info/coins/676-CPTL
BMY,Bitmoney,https://bitcointalk.org/index.php?topic=689881.0
LNKC,LINKCOIN,https://bitcointalk.org/index.php?topic=724057.0
BLP,blueplanet coin,https://cryptocointalk.com/topic/14147-ann-blueplanet-coin-blp-launch-date-12th-august-2014-helping-to-preserve-our-oceans-the-creatures-that-live-in-them/
EVC,Evolvecoin,https://bitcointalk.org/index.php?topic=737226.0
GB,GreenBacks,https://bitcointalk.org/index.php?topic=740744.0
SYS,Syscoin,https://bitcointalk.org/index.php?topic=587080.0
BUY,BuyCoin,https://bitcointalk.org/index.php?topic=734708.0
ROOT,ROOTCOIN,https://bitcointalk.org/index.php?topic=714793.0
TRDR,Trader Coin,https://bitcointalk.org/index.php?topic=750763.0
MANA,Mana,https://bitcointalk.org/index.php?topic=760289.0
SHADE,Shade,https://bitcointalk.org/index.php?topic=768941.0
XBOT,SocialxBot,https://bitcointalk.org/index.php?topic=760803.0
CGA,Cryptographic Anomaly,https://bitcointalk.org/index.php?topic=771830.0
BTLS,BitLitS,https://bitcointalk.org/index.php?topic=777275.0
SLK,SleakCoin,https://hashtalk.org/topic/7310/sleakcoin-release-source-first-then-win-wallet-etc
SONG,Songcoin,https://bitcointalk.org/index.php?topic=804527.0
DPC,DarkPeer,https://bitcointalk.org/index.php?topic=795749.0
MTLMC3,Metal Music Coin,https://bitcointalk.org/index.php?topic=965360.0
SEED,Seedcoin,https://bitcointalk.org/index.php?topic=795954.0
SMBR,Sembro Token,https://bitcointalk.org/index.php?topic=819427.0
C2,Coin2,http://www.coin2talk.org/
ONE,1Coin,https://bitcointalk.org/index.php?topic=820302.0
DBU,DuBeUcoin,https://bitcointalk.org/index.php?topic=882763.0
VTR,vTorrent,https://cryptocointalk.com/topic/24630-annvtr-vtorrent-share-with-freedom-bittrex-c-cex-empoex/
INS,Insanity,https://bitcointalk.org/index.php?topic=893232.0
DIBS,Dibbits,https://bitcointalk.org/index.php?topic=1090982.0
DGMS,Digigems,https://bitcointalk.org/index.php?topic=913237.0
FSC2,Friendshipcoin 2,https://bitcointalk.org/index.php?topic=917364.0
DIGI,DIGI,https://bitcointalk.org/index.php?topic=934548.0
CARSI,Carsicoin,https://www.altcoincalendar.info/coins/1274-CARSI
XTR,Extractcoin,https://bitcointalk.org/index.php?topic=941697.0
EMC2,Einsteinium,https://bitcointalk.org/index.php?topic=494708.0
DDC,Dokdocoin,https://bitcointalk.org/index.php?topic=493712.0
BRD,Birdcoin,https://bitcointalk.org/index.php?topic=496363.0
EMO,Emoticoin,https://bitcointalk.org/index.php?topic=496129.0
EUC,Eurocoin,https://cryptocointalk.com/topic/6991-eurocoin-euc-information/
KIMO,KimoCoin,https://bitcointalk.org/index.php?topic=524216.0
RUP,RupayaCoin,https://www.altcoincalendar.info/coins/266-RUP
LEL,ComedyGold,https://bitcointalk.org/index.php?topic=549303.0
GIAR,Giarcoin,https://bitcointalk.org/index.php?topic=545529.0
FOF,FourOhFourCoin,https://bitcointalk.org/index.php?topic=515642.0
NLG,Gulden,https://bitcointalk.org/index.php?topic=554412.0
BUN,BunnyCoin,https://bitcointalk.org/index.php?topic=589180.0
LQC,Liquidcoin,https://bitcointalk.org/index.php?topic=60026.0
STY,Stories,https://bitcointalk.org/index.php?topic=451343.0
FRC,Freicoin,https://bitcointalk.org/index.php?topic=89843.0
ZTC,Zenithcoin,https://bitcointalk.org/index.php?topic=219644.0
PPC,Peercoin,https://bitcointalk.org/index.php?topic=99735.0
NVC,Novacoin,https://bitcointalk.org/index.php?topic=143221.0
YAC,Yacoin,https://bitcointalk.org/index.php?topic=206577.0
ONC,Onecoin,https://bitcointalk.org/index.php?topic=200177.0
ZCC,ZcCoin,https://bitcointalk.org/index.php?topic=268575.0
FRE,Freecoin,https://bitcointalk.org/index.php?topic=269669.0
CENT,Pennies,https://bitcointalk.org/index.php?topic=269145.0
APC,Applecoin,https://bitcointalk.org/index.php?topic=337782.0
ECO,Ecocoin,https://bitcointalk.org/index.php?topic=269312.0
KING,KingCoin,https://bitcointalk.org/index.php?topic=278834.0
PGC,Pangucoin,https://bitcointalk.org/index.php?topic=295918.0
MRC,Microcoin,https://bitcointalk.org/index.php?topic=397679.0
CACH,CACHeCoin,https://bitcointalk.org/index.php?topic=400389.0
VTC,Vertcoin,https://bitcointalk.org/index.php?topic=404364.0
ALT,Altcoin,https://bitcointalk.org/index.php?topic=459028.0
QQC,QQcoin,https://bitcointalk.org/index.php?topic=389238.0
JPU,J-coin,https://bitcointalk.org/index.php?topic=264556.0
None,Thorcoin,https://bitcointalk.org/index.php?topic=484815.0
FATE,Fatecoin,https://bitcointalk.org/index.php?topic=468889.0
HRC,Herocoin,https://bitcointalk.org/index.php?topic=466679.0
MCC,MadCowCoin,https://bitcointalk.org/index.php?topic=511988.0
BTG,Bitgem,https://bitcointalk.org/index.php?topic=207008.0
BITB,BitBar,https://bitcointalk.org/index.php?topic=193974.0
PHS,Philosopherstone,https://bitcointalk.org/index.php?topic=263744.0
CGB,CryptogenicBullion,https://bitcointalk.org/index.php?topic=245086.0
DMD,Diamond,https://bitcointalk.org/index.php?topic=255806.0
GRW,Growthcoin,https://bitcointalk.org/index.php?topic=267019.0
BAC,Basecoin,https://bitcointalk.org/index.php?topic=289946.0
CAP,Bottlecaps,https://cryptocointalk.com/topic/682-bottlecaps-bot-information/
LBW,Lebowskis,https://bitcointalk.org/index.php?topic=260311.0
HBN,HoboNickels,https://bitcointalk.org/index.php?topic=261550.0
CMC,Cosmoscoin,https://bitcointalk.org/index.php?topic=245938.0
PYC,Paycoin,https://bitcointalk.org/index.php?topic=268941.0
CDC,Cloudcoin,https://bitcointalk.org/index.php?topic=256120.0
GLX,Galaxycoin,https://bitcointalk.org/index.php?topic=252127.0
NEC,Neocoin,https://bitcointalk.org/index.php?topic=313506.0
TAG,Tagcoin,https://bitcointalk.org/index.php?topic=317408.0
LK7,Lucky7Coin,https://bitcointalk.org/index.php?topic=295157.0
SAV,Savingcoin,https://bitcointalk.org/index.php?topic=285621.0
PPL,Peoplecoin,https://bitcointalk.org/index.php?topic=295980.0
SHT,Shitcoin,https://bitcointalk.org/index.php?topic=307419.0
CIN,Cinnamoncoin,https://bitcointalk.org/index.php?topic=299221.0
BOC,Bountycoin,https://bitcointalk.org/index.php?topic=271729.0
TEK,Tekcoin,https://bitcointalk.org/index.php?topic=289490.0
NIG,Nigeriacoin,https://bitcointalk.org/index.php?topic=291233.0
GRA,Graincoin,https://bitcointalk.org/index.php?topic=361503.40.0
UFC,FederationCredits,https://bitcointalk.org/index.php?topic=280114.0
XMAS,Xmascoin,https://bitcointalk.org/index.php?topic=390020.0
MINT,Mintcoin,https://bitcointalk.org/index.php?topic=450381.0
BLK,Blackcoin,https://bitcointalk.org/index.php?topic=469640.0
ZEIT,Zeitcoin,https://bitcointalk.org/index.php?topic=487814.0
QBT,Qubits,https://bitcointalk.org/index.php?topic=345328.0
FLT,Fluttercoin,https://bitcointalk.org/index.php?topic=509499.0
BTE,Bytecoin,https://bitcointalk.org/index.php?topic=169559.0
XPM,Primecoin,https://bitcointalk.org/index.php?topic=251850.0
DTC,Datacoin,https://bitcointalk.org/index.php?topic=325735.0
CDN,CDNcoin,https://bitcointalk.org/index.php?topic=393190.0
FTW,pNUT,https://bitcointalk.org/index.php?topic=435232.0
MMC,Memorycoin,https://bitcointalk.org/index.php?topic=267522.0
ZET,Zetacoin,https://bitcointalk.org/index.php?topic=267545.0
TEA,Teacoin,https://bitcointalk.org/index.php?topic=434432.0
MYR,Myriadcoin,https://bitcointalk.org/index.php?topic=483515.0
CHC,Chaincoin,https://bitcointalk.org/index.php?topic=422149.0
SIC,Sifcoin,https://bitcointalk.org/index.php?topic=240894.0
QRK,Quark,https://bitcointalk.org/index.php?topic=260031.0
OBC,Obamacoin,https://bitcointalk.org/index.php?topic=281373.0
RVD,RVDcoin,https://bitcointalk.org/index.php?topic=357196.0
FZ,Frozencoin,https://bitcointalk.org/index.php?topic=366762.0
ATO,Atomcoin,https://bitcointalk.org/index.php?topic=371775.0
MOL,Molecule,https://bitcointalk.org/index.php?topic=371576.0
SEC,Secondcoin,https://bitcointalk.org/index.php?topic=381587.0
DARK,Darkcoin,https://bitcointalk.org/index.php?topic=1002259.0
CC,Cybercoin,https://bitcointalk.org/index.php?topic=1006415.0
Sync,Sync,https://bitcointalk.org/index.php?topic=607919.0
RTC,RIGHTCOIN,https://bitcointalk.org/index.php?topic=607076.0
MLGB,Malegebe,https://bitcointalk.org/index.php?topic=611614.0
ACC,Antarcticcoin,https://bitcointalk.org/index.php?topic=610049.0
KRYP,Kryptonite,https://bitcointalk.org/index.php?topic=606682.0
GRN,GraniteCoin,https://bitcointalk.org/index.php?topic=621544.0
PURE,PureCoin,https://bitcointalk.org/index.php?topic=627749.0
NAC,Napalcoin,https://bitcointalk.org/index.php?topic=623314.0
HPC,HAPPYCOIN,https://bitcointalk.org/index.php?topic=616114.0
suc,StarbucksCoin,https://bitcointalk.org/index.php?topic=625364.0
NL,Nanolite,https://bitcointalk.org/index.php?topic=626717.0
LTCX,LiteCoinX,https://bitcointalk.org/index.php?topic=624378.0
Iaura,Iaurab Coin,https://bitcointalk.org/index.php?topic=623193.0
BS,BitSlap,https://bitcointalk.org/index.php?topic=622985.0
Voot,VootCoin,https://bitcointalk.org/index.php?topic=639371.0
LIMX,LimeCoinX,https://bitcointalk.org/index.php?topic=637366.0
GRE,GoldReserve,https://bitcointalk.org/index.php?topic=641064.0
WCC,WorldCupCoin ,https://bitcointalk.org/index.php?topic=643166.0
MIN,MineralsCoin,https://bitcointalk.org/index.php?topic=641057.0
TRS,Triskelecoin,https://bitcointalk.org/index.php?topic=640056.0
KiB,Kibweecoin,https://bitcointalk.org/index.php?topic=642933.0
LIT,Lightcoin,https://bitcointalk.org/index.php?topic=649890.0
FRAC,Fractalcoin,https://bitcointalk.org/index.php?topic=650173.0
WVS,WaveCoin,https://bitcointalk.org/index.php?topic=653969.0
gue,Guerillacoin,https://bitcointalk.org/index.php?topic=656167.0
NeWO,NeWOcoin,https://bitcointalk.org/index.php?topic=650295.0
GOD,Godcoin,https://bitcointalk.org/index.php?topic=649099.0
HODOR,HODORCOIN,https://bitcointalk.org/index.php?topic=665818.0
SPCC,Sportcoin,https://bitcointalk.org/index.php?topic=659470.0
BULBA,BulbaCoin,https://cryptocointalk.com/topic/12900-bulbacoin-bulb-information/?hl=bulb
TRUST,TRUSTplus,https://bitcointalk.org/index.php?topic=659848.0
PP,PeerPay,https://bitcointalk.org/index.php?topic=661506.0
CSO,CSCoin,https://bitcointalk.org/index.php?topic=664262.0
MHYC,MachineryCoin,https://bitcointalk.org/index.php?topic=630150.0
LOL,LeagueCoin,https://bitcointalk.org/index.php?topic=622801.0
MIL,Millionaire Coin,https://bitcointalk.org/index.php?topic=633914.0
PIGGY,New Piggycoin,https://bitcointalk.org/index.php?topic=633803.0
BOOTY,TreasureHuntCoin,https://bitcointalk.org/index.php?topic=629372.0
LIN,Linearcoin,https://bitcointalk.org/index.php?topic=634063.0
SND,Soundcoin,https://bitcointalk.org/index.php?topic=598874.0
BBL,BitBlock,https://bitcointalk.org/index.php?topic=665159.0
FIRE,Firecoin,https://bitcointalk.org/index.php?topic=702951.0
CORE,CORE,https://bitcointalk.org/index.php?topic=962125.0
ALEA,Aleacoin,https://bitcointalk.org/index.php?topic=645938.0
ISIS,Isiscoin,https://bitcointalk.org/index.php?topic=675509.0
Dino,DinosaurCoin,https://bitcointalk.org/index.php?topic=678073.0
POS,PosCoin,https://bitcointalk.org/index.php?topic=680769.0
ANG,AngelCoin,https://bitcointalk.org/index.php?topic=681111.0
COF,CoffeeCoin,https://bitcointalk.org/index.php?topic=684675.0
SPATA,Spartacus,https://bitcointalk.org/index.php?topic=691134.0
BACK,Backpacker,https://bitcointalk.org/index.php?topic=693973.0
MInC,MinersCoin,https://bitcointalk.org/index.php?topic=766157.0
LIZE,Lizarde,https://bitcointalk.org/index.php?topic=683741.0
NHC,Neverhoodcoin,https://bitcointalk.org/index.php?topic=702466.0
City,CityCoin,https://bitcointalk.org/index.php?topic=704271.0
FBIT,FileBit,http://www.forum.filebit.me
LIMI,LimiCoin,https://bitcointalk.org/index.php?topic=715336.0
CRYSTAL,CrystalCoin,https://bitcointalk.org/index.php?topic=715316.0
BBC,BigBangCoin,https://bitcointalk.org/index.php?topic=716901.0
OT,OverTime,https://bitcointalk.org/index.php?topic=736588.0
XDE,DoubleEagle,https://bitcointalk.org/index.php?topic=736702.0
NMB,Nimbus,https://bitcointalk.org/index.php?topic=622323.0
GRYF,GryfenCoin,http://talk.gryfenco.in
VLT,VolatilityCoin,https://bitcointalk.org/index.php?topic=776463.0
HTML5,Swapping,https://bitcointalk.org/index.php?topic=801489.0
B1bl3,B1bl3Coin,https://bitcointalk.org/index.php?topic=827734.0
U,UCoin,https://bitcointalk.org/index.php?topic=855541.0
SRZ,SuarezCoin,https://bitcointalk.org/index.php?topic=672109.0
RW,RedWire,https://bitcointalk.org/index.php?topic=675416.0
XAN,Xanoncoin,https://bitcointalk.org/index.php?topic=689866.0
FVZ,FVZcoin,https://bitcointalk.org/index.php?topic=686225.0
ELTC,EliteCoin,https://bitcointalk.org/index.php?topic=702757.0
ESC,ESportsCoin,https://bitcointalk.org/index.php?topic=689852.0
TEX,Texas Coin,https://bitcointalk.org/index.php?topic=708747.0
MC,MultiCoin,https://bitcointalk.org/index.php?topic=703723.0
FUSE,Fusecoin,https://bitcointalk.org/index.php?topic=708717.0
WITCH,WitchCoin,https://bitcointalk.org/index.php?topic=713636.0
ZEB,Zebracoin,https://bitcointalk.org/index.php?topic=705384.0
CLD,XCloudcoin,https://bitcointalk.org/index.php?topic=702981.0
BTO,Bitore,https://bitcointalk.org/index.php?topic=714852.0
BIZ,BizCoin,https://bitcointalk.org/index.php?topic=725670.0
Pal,PalestineCoin,https://bitcointalk.org/index.php?topic=712124.0
MWC,MultiWalletCoin,https://bitcointalk.org/index.php?topic=752808.0
DSV,DSValue,https://bitcointalk.org/index.php?topic=695096.0
MAG,MagCoin,https://bitcointalk.org/index.php?topic=727297.0
VMINE,VMINE,https://bitcointalk.org/index.php?topic=709911.0
DEPO-GBP,DEPO,https://bitcointalk.org/index.php?topic=729189.0
XCR,CRYPTI,https://bitcointalk.org/index.php?topic=654463.0
X14,X14coin,https://bitcointalk.org/index.php?topic=670119.0
SOLE,Solecoin,https://bitcointalk.org/index.php?topic=730077.0
BCSH,BitCash,https://bitcointalk.org/index.php?topic=737857.0
CYX,Cryptex,https://bitcointalk.org/index.php?topic=702483.0
TMC,TheoremCoin,https://bitcointalk.org/index.php?topic=731983.0
RACE,Racecoin,https://bitcointalk.org/index.php?topic=734819.0
AMBER,AmberCoin,https://bitcointalk.org/index.php?topic=742928.0
LMR,LemurCoin,https://bitcointalk.org/index.php?topic=739681.0
CryptoXTC,CryptoXTC,https://bitcointalk.org/index.php?topic=728168.0
XURO,Xuro,https://bitcointalk.org/index.php?topic=745861.0
GLY,GOLDEN LOAF YANUKOVICH,https://cryptocointalk.com/topic/13229-8-20golden-loaf-yanukovich-gly/
Neos,Neoscoin,https://bitcointalk.org/index.php?topic=744291.0
EQX,Equinox,https://bitcointalk.org/index.php?topic=746191.0
CCB,CryptoClub,https://bitcointalk.org/index.php?topic=667866.0
TNZ,Tanzanite,https://bitcointalk.org/index.php?topic=778617.0
CRACK,CrackCoin,https://bitcointalk.org/index.php?topic=768678.0
CHILD,x-children,https://bitcointalk.org/index.php?topic=754195.0
ROS,ROSCOIN,https://bitcointalk.org/index.php?topic=769857.0
STC,scattercoin,https://bitcointalk.org/index.php?topic=788444.0
Envy,Envy Coin,https://bitcointalk.org/index.php?topic=797839.0
EXCL,Exclusive Coin,https://bitcointalk.org/index.php?topic=771755.0
DP,DigitalPrice,https://bitcointalk.org/index.php?topic=789847.0
METAL,MetalCoin,https://bitcointalk.org/index.php?topic=886655.0
GHOST,GhostCoin,https://bitcointalk.org/index.php?topic=803667.0
WSTL,WhistleCoin,https://bitcointalk.org/index.php?topic=813878.0
SPARK,Spark,https://bitcointalk.org/index.php?topic=826767.0
OPTI,OptimumCoin,https://bitcointalk.org/index.php?topic=856814.0
MOB,Mobcoin,https://bitcointalk.org/index.php?topic=873867.0
NKT,Nakamotodark,https://github.com/skrija/nakamotodark
LFTC,LFTCCoin,https://www.altcoincalendar.info/coins/971-LFTC
CBR,CryptoBancor,https://bitcointalk.org/index.php?topic=885002.0
WeTk,Weed Tokens,https://bitcointalk.org/index.php?topic=924331.0
DGORE,Dogegorecoin,https://bitcointalk.org/index.php?topic=938330.0
SMAC,SMAC Coin,https://bitcointalk.org/index.php?topic=952083.0
ZUR,Zurcoin,https://bitcointalk.org/index.php?topic=391806.0
VNL,Vanillacoin,https://bitcointalk.org/index.php?topic=977245.0
ANI,Animecoin,https://bitcointalk.org/index.php?topic=451343.0
WIKI,Wikicoin,https://bitcointalk.org/index.php?topic=444014.0
UNC,Unioncoin,https://bitcointalk.org/index.php?topic=365399.0
MTS,Metiscoin,https://bitcointalk.org/index.php?topic=424517.0
OFF,Cthulhu Offerings,https://bitcointalk.org/index.php?topic=294383.0
TBC,Bullcoin,https://bitcointalk.org/index.php?topic=409903.0
PRT,Particle,https://bitcointalk.org/index.php?topic=392804.0
DOUG,Dougcoin,https://bitcointalk.org/index.php?topic=464041.0
MET,Metacoin,https://bitcointalk.org/index.php?topic=454848.0
SOMA,Somacoin,https://bitcointalk.org/index.php?topic=444273.0
QB,QuarkBar,https://bitcointalk.org/index.php?topic=488455.0
SRC,SecureCoin,https://bitcointalk.org/index.php?topic=270852.0
DIME,DimeCoin,https://bitcointalk.org/index.php?topic=382164.0
MUE,MonetaryUnit,https://bitcointalk.org/index.php?topic=778322.0
CLR,Copperlark,https://bitcointalk.org/index.php?topic=227252.0
ECN,eCoin,https://bitcointalk.org/index.php?topic=400323.0
MAX,Maxcoin,https://bitcointalk.org/index.php?topic=438150.0
GRC,Gridcoin,https://bitcointalk.org/index.php?topic=320750.0
TGC,Tigercoin,https://bitcointalk.org/index.php?topic=289312.0
SKC,Skeincoin,https://bitcointalk.org/index.php?topic=322828.0
XDC,Xedoscoin,https://bitcointalk.org/index.php?topic=445651.0
ASC,AsicCoin,https://bitcointalk.org/index.php?topic=292501.0
BET,Betacoin,https://bitcointalk.org/index.php?topic=321266.0
UNO,Unobtanium,https://bitcointalk.org/index.php?topic=313126.0
AMK,AmKoin,https://bitcointalk.org/index.php?topic=454106.0
RKC,ReikiCoin,https://bitcointalk.org/index.php?topic=343615.0
NYM,Naanayam,https://bitcointalk.org/index.php?topic=325902.0
CURE,Curecoin,https://bitcointalk.org/index.php?topic=197773.0
HUC,Huntercoin,https://bitcointalk.org/index.php?topic=300538.0
KMC,Kimcoin,https://bitcointalk.org/index.php?topic=299906.0
GLB,Globe,https://bitcointalk.org/index.php?topic=360255.0
SNC,Snowcoin,https://bitcointalk.org/index.php?topic=359948.0
SSC,Siriuscoin,https://bitcointalk.org/index.php?topic=394146.0
AAC,AllAgesCoin,https://bitcointalk.org/index.php?topic=386973.0
BLC,Blakecoin,https://bitcointalk.org/index.php?topic=306894.0
PHO,Photon,https://bitcointalk.org/index.php?topic=478136.0
365,365Coin,https://bitcointalk.org/index.php?topic=492311.0
SPICE,Melange,https://bitcointalk.org/index.php?topic=430816.0
INK,INKcoin,https://bitcointalk.org/index.php?topic=481516.0
LGBT,Rainbowcoin,https://bitcointalk.org/index.php?topic=467851.0
LOOT,CryptoLoot,https://cryptocointalk.com/topic/5092-ann-cryptoloot-sha-256-get-your-loot/
TAK,Takeicoin,https://bitcointalk.org/index.php?topic=452902.0
RIC,Riecoin,https://cryptocointalk.com/topic/4250-annric-riecoin-new-prime-numbers-pow-coin-launches-feb-11-2014/
PWNY,Pwnycoin,https://bitcointalk.org/index.php?topic=464274.0
LUC,Lusocoin,https://cryptocointalk.com/topic/4474-lusocoin-luc-information/
POD,Podcoin,https://bitcointalk.org/index.php?topic=465846.0
GAY,Gaycoin,https://bitcointalk.org/index.php?topic=465940.0
CKE,Cookies,https://bitcointalk.org/index.php?topic=462272.0
ORO,Orobit,https://cryptocointalk.com/topic/4341-orobit-coin/
BEN,Benjamins,https://bitcointalk.org/index.php?topic=444543.0
HXC,Helixcoin,https://bitcointalk.org/index.php?topic=489172.0
CTD,CateDoge,https://bitcointalk.org/index.php?topic=528453.0
ARS,Arkenstone,https://bitcointalk.org/index.php?topic=608482.0
BTN,BitcoinNEW,https://bitcointalk.org/index.php?topic=610673.0
CX,XtraCoin,https://bitcointalk.org/index.php?topic=596545.0
ABC,AngryBirdsCoin,https://bitcointalk.org/index.php?topic=634850.0
PRO,PAYPRO Coin,https://bitcointalk.org/index.php?topic=643028.0
EIC,CANTORcoin,http://crypto-coins-table.com/coins/EIC/Cantorcoin.html
ChC,CHARONscoin,http://crypto-coins-table.com/coins/CHCO/CHARONscoin.html
BULL,BlueBullCoin,https://bitcointalk.org/index.php?topic=659757.0
GSY,GenesysCoin,https://bitcointalk.org/index.php?topic=1144365.0
ODNT,Old Dogs New Tricks,https://bitcointalk.org/index.php?topic=1159567.0
PHR,#PHREAK,https://bitcointalk.org/index.php?topic=1173380.0
STEPS,STEPS,https://bitcointalk.org/index.php?topic=1173385.0
LOG,Woodcoin,https://bitcointalk.org/index.php?topic=831003.0
GUINEA,Guinea,https://bitcointalk.org/index.php?topic=676478.0
SOV,Sovereign,https://bitcointalk.org/index.php?topic=676478.0
eTaler,Electric Taler,https://bitcointalk.org/index.php?topic=680364.0
BTCD,BitcoinDark,https://bitcointalk.org/index.php?topic=684090.0
ACOIN,Acoin,https://bitcointalk.org/index.php?topic=761818.0
TTY,Trinity,https://bitcointalk.org/index.php?topic=695149.0
UBTC,Umbrella-BTC,https://bitcointalk.org/index.php?topic=687265.0
BTI,Instant Coin,https://bitcointalk.org/index.php?topic=693243.0
YLC,YellowLionCoin,https://bitcointalk.org/index.php?topic=714088.0
PAC,Pleiades Coin,https://bitcointalk.org/index.php?topic=734531.0
DRX,Darkfox,https://bitcointalk.org/index.php?topic=730801.0
NEOS,Neoscoin IPO,https://cryptocointalk.com/topic/14218-neoscoin-neos-information/page-2#entry120023
ASD,ASDCoin,http://asdcoin.com/forum
REB,Rebirthcoin,https://bitcointalk.org/index.php?topic=722445.0
BIG,BIGBullion,https://bitcointalk.org/index.php?topic=715904.0
XMG,Magi,https://bitcointalk.org/index.php?topic=735170.0
AXR,Axron,https://bitcointalk.org/index.php?topic=738534.0
MOBI,MobiusCoin,https://bitcointalk.org/index.php?topic=774762.0
NODE,NODECoin,https://bitcointalk.org/index.php?topic=590421.0
AU,Aurumcoin,https://bitcointalk.org/index.php?topic=793502.0
PPCD,PeercoinDark,https://bitcointalk.org/index.php?topic=832845.0
DOGEBC,DOGEBLACKCOIN,https://bitcointalk.org/index.php?topic=819211.0
PPCD,PeercoinDark,https://bitcointalk.org/index.php?topic=832845.0
FUD,FUDcoin,https://bitcointalk.org/index.php?topic=856352.0
FLIRT,FlirtCoin,https://bitcointalk.org/index.php?topic=867068.0
URAN,URANUSCOIN,https://bitcointalk.org/index.php?topic=855647.0
PIMP,PimpCash,https://bitcointalk.org/index.php?topic=871506.0
FLIRT,Flirt Life,https://bitcointalk.org/index.php?topic=867068.0
DECR,DecryptRcoin,https://bitcointalk.org/index.php?topic=926536.0
PAYER,ePAYERCOIN,https://bitcointalk.org/index.php?topic=952259.0
IQD,Dinarcoin,https://bitcointalk.org/index.php?topic=494685.0
IMP,Imperialcoin,https://bitcointalk.org/index.php?topic=493737.0
OAC,Overly Attached Coin,https://bitcointalk.org/index.php?topic=552057.0
MTX,Matrixcoin,https://bitcointalk.org/index.php?topic=553703.0
SUP,SupCoin,https://bitcointalk.org/index.php?topic=950084.0
NXT,NXT,https://bitcointalk.org/index.php?topic=303898.0
NZ,NeXT Horizon,https://bitcointalk.org/index.php?topic=551666.0
NAS,NAS,https://bitcointalk.org/index.php?topic=523187.0
Burst,Burst,https://bitcointalk.org/index.php?topic=731923.0
ARN,ArenaCoin,https://bitcointalk.org/index.php?topic=852050.0
STB,STABLE,https://bitcointalk.org/index.php?topic=886555.0
SKULL,SKULLCOIN,https://bitcointalk.org/index.php?topic=733916.0
XPH,Pathfinder,https://bitcointalk.org/index.php?topic=778707.0
VDO,Vidio,https://bitcointalk.org/index.php?topic=779552.0
NTX,NTXcoin,https://bitcointalk.org/index.php?topic=625668.0
FIMK,FIMKrypto,http://gry.io/2014/07/23/fimkrypto-fimk/
NODE,NODE,https://bitcointalk.org/index.php?topic=590421.0
NBT,NuBits,https://bitcointalk.org/index.php?topic=789964.0
XRP,Ripple,https://bitcointalk.org/index.php?topic=301635.0
XNP,NetPay,https://bitcointalk.org/index.php?topic=303011.0
Splash,Splash,https://bitcointalk.org/index.php?topic=372486.0
Radix,Radix,https://bitcointalk.org/index.php?topic=500209.0
XLM,Stellar,https://bitcointalk.org/index.php?topic=719019.0
FCN,Fantomcoin,https://bitcointalk.org/index.php?topic=598823.0
XMR,Monero,https://bitcointalk.org/index.php?topic=583449.0
AEON,AEON,https://bitcointalk.org/index.php?topic=641696.0
QCN,QuazarCoin,https://bitcointalk.org/index.php?topic=615732.0
MNT,MountCoin,https://bitcointalk.org/index.php?topic=631908.0
XDN,DigitalNote,https://bitcointalk.org/index.php?topic=788916.0
BBR,Boolberry,https://bitcointalk.org/index.php?topic=577267.0
MCN,MonetaVerde,https://bitcointalk.org/index.php?topic=657820.0
OEC,OneEvilCoin,https://bitcointalk.org/index.php?topic=693540.0
CNC,CryptoNoteCoin,https://bitcointalk.org/index.php?topic=686485.0
INF8,Infinium-8,https://bitcointalk.org/index.php?topic=698727.0
ASAP,ASAPcoin,https://bitcointalk.org/index.php?topic=705494.0
CRR,CherryNote,https://bitcointalk.org/index.php?topic=695608.0
RD,Red Wind,https://bitcointalk.org/index.php?topic=904485.0
DOSH,Dosh-Kapital,https://bitcointalk.org/index.php?topic=734295.0
DBK,DiamondBack,https://bitcointalk.org/index.php?topic=741340.0
SBK,Silverback,https://bitcointalk.org/index.php?topic=741346.0
DB,DoctorByte,https://bitcointalk.org/index.php?topic=893230.0
DSH,Dashcoin,https://bitcointalk.org/index.php?topic=678232.0
XTV,Tavos,https://bitcointalk.org/index.php?topic=1126558.0
XPB,Pebblecoin,https://bitcointalk.org/index.php?topic=909624.0
DNC,DarkNetCoin,https://bitcointalk.org/index.php?topic=818365.0
