symbol,name,earliest_trade_date,earliest_mention_date,user1,user1_url1,user1_date1
CPC,Capricoin,2015-07-23,2015-07-20,CapricoinOfficial,https://bitcointalk.org/index.php?topic=1129322.0,2015-07-20
XBS,BitStake,2015-01-13,2015-01-13,ShillAccount,https://bitcointalk.org/index.php?topic=924092.0,2015-01-13
TRICK,TrickyCoin,2015-03-31,2015-03-27,TrickyCoin,https://bitcointalk.org/index.php?topic=1004692.0,2015-03-27
YUM,CandyCoin,2014-11-16,2014-01-06,raminnoodle,https://bitcointalk.org/index.php?topic=400667.0,2014-01-06
SKYNET,SkyNET,2014-12-13,2014-08-29,SkynetDev,https://bitcointalk.org/index.php?topic=761880.0,2014-08-29
NYC,NewYorkCoin,2014-05-06,2011-12-12,Disposition,https://bitcointalk.org/index.php?topic=54392.0,2011-12-12
GAIA,GAIA,2014-10-11,2013-12-27,JonnyBravo,https://bitcointalk.org/index.php?topic=387863.0,2013-12-27
AGS,Aegis,2014-08-25,2014-07-05,FriendsOfBitshares,https://bitcointalk.org/index.php?topic=678645.0,2014-07-05
XBC,Bitcoin Plus,2014-05-03,2014-03-30,XBCplus,https://bitcointalk.org/index.php?topic=549485.0,2014-03-30
MONA,MonaCoin,2014-03-20,2013-12-30,2chpool,https://bitcointalk.org/index.php?topic=392088.0,2013-12-30
SPR,SpreadCoin,2014-10-26,2014-01-03,cosmofly,https://bitcointalk.org/index.php?topic=397562.0,2014-01-03
SPT,Spots,2013-07-25,2013-07-22,vipah,https://bitcointalk.org/index.php?topic=260332.0,2013-07-22
TAG,TagCoin,2013-11-05,2013-10-24,tagbond,https://bitcointalk.org/index.php?topic=317408.0,2013-10-24
DRKC,DarkCash,2014-07-29,2014-07-25,zlibz,https://bitcointalk.org/index.php?topic=709322.0,2014-07-25
LDOGE,LiteDoge,2015-03-19,2015-06-01,heavensopen,https://bitcointalk.org/index.php?topic=1077390.0,2015-06-01
SPA,SpainCoin,2014-03-15,2014-01-19,naplam,https://bitcointalk.org/index.php?topic=423488.0,2014-01-19
SPC,SpikesPrivateCoin,2015-08-04,2014-01-27,spirecoin,https://bitcointalk.org/index.php?topic=435463.0,2014-01-27
HEEL,HeelCoin,2015-10-27,2015-07-10,heelcoin,https://bitcointalk.org/index.php?topic=1117670.0,2015-07-10
TAK,TakCoin,2014-02-27,2014-02-07,TakeiCoin,https://bitcointalk.org/index.php?topic=452902.0,2014-02-07
PRIME,PrimeChain,2015-09-14,2013-06-28,Sunny King,https://bitcointalk.org/index.php?topic=245953.0,2013-06-28
XPH,Pharma,2015-06-08,2014-09-11,pathfinder dev,https://bitcointalk.org/index.php?topic=778707.0,2014-09-11
XPM,Primecoin,2013-07-10,2013-06-03,Sunny King,https://bitcointalk.org/index.php?topic=224012.0,2013-06-03
GP,GoldPieces,2015-01-16,2014-04-22,greenpay,https://bitcointalk.org/index.php?topic=580400.0,2014-04-22
BTCS,Bitcoin Scrypt,2014-03-17,2014-03-17,kosmost,https://bitcointalk.org/index.php?topic=519162.0,2014-03-17
IXC,Ixcoin,2013-05-08,2013-04-28,jubalix,https://bitcointalk.org/index.php?topic=189501.0,2013-04-28
NOBL,NobleCoin,2014-02-08,2013-12-11,AndrewNoble,https://bitcointalk.org/index.php?topic=366847.0,2013-12-11
HZT,HazMatCoin,2015-04-17,2015-04-10,HazMatCoin-Dev,https://bitcointalk.org/index.php?topic=1019312.0,2015-04-10
XPY,PayCoin,2014-12-16,2013-08-06,deppJ,https://bitcointalk.org/index.php?topic=268941.0,2013-08-06
PIGGY,Piggycoin,2014-06-15,2014-02-25,piggycoin,https://bitcointalk.org/index.php?topic=487017.0,2014-02-25
FIMK,FIMKrypto,2014-07-12,2014-05-31,Eliphaz Fimk,https://bitcointalk.org/index.php?topic=633304.0,2014-05-31
BYC,Bytecent,2014-11-23,2014-01-10,byte-coin,https://bitcointalk.org/index.php?topic=408300.0,2014-01-10
BTCD,BitcoinDark,2014-07-16,2014-07-09,Azeh,https://bitcointalk.org/index.php?topic=684090.0,2014-07-09
ROS,RosCoin,2014-09-30,2014-09-04,godivacoin,https://bitcointalk.org/index.php?topic=769857.0,2014-09-04
MAX,MaxCoin,2014-02-12,2012-02-21,BitPay Business Solutions,https://bitcointalk.org/index.php?topic=64802.0,2012-02-21
PAC,Paccoin,2015-11-02,2014-08-11,PleiadesCoin,https://bitcointalk.org/index.php?topic=734531.0,2014-08-11
MAD,SatoshiMadness,2015-09-01,2015-08-16,WhoIsNotMad,https://bitcointalk.org/index.php?topic=1154489.0,2015-08-16
FFC,FireFlyCoin,2014-10-26,2014-01-15,argakiig,https://bitcointalk.org/index.php?topic=416527.0,2014-01-15
GUA,Guarany,2014-11-23,2014-12-20,guaranycrypto,https://bitcointalk.org/index.php?topic=900091.0,2014-12-20
BEN,Benjamins,2014-02-27,2014-02-02,AllAboutTheBenjaminsBaby,https://bitcointalk.org/index.php?topic=444543.0,2014-02-02
GUE,Guerillacoin,2014-06-23,2014-06-17,guerillacoin,https://bitcointalk.org/index.php?topic=656167.0,2014-06-17
DTC,DataCoin,2013-12-07,2013-12-03,mstfck,https://bitcointalk.org/index.php?topic=355973.0,2013-12-03
BCF,BitcoinFast,2014-12-06,2014-12-03,BitCoinFastTeam,https://bitcointalk.org/index.php?topic=881774.0,2014-12-03
007,007Coin,2015-04-23,2015-04-21,007coin,https://bitcointalk.org/index.php?topic=1033996.0,2015-04-21
GUN,Guncoin,2014-05-11,2014-03-03,guncoin_support,https://bitcointalk.org/index.php?topic=498671.0,2014-03-03
YBC,YbCoin,2014-01-16,2013-06-26,orange,https://bitcointalk.org/index.php?topic=243046.0,2013-06-26
BET,BetaCoin,2013-12-14,2013-10-30,betacoindev,https://bitcointalk.org/index.php?topic=321266.0,2013-10-30
TTY,Trinity,2015-01-18,2014-07-15,TrinityCoin,https://bitcointalk.org/index.php?topic=695149.0,2014-07-15
HUC,HunterCoin,2014-02-14,2013-09-24,snailbrain,https://bitcointalk.org/index.php?topic=300538.0,2013-09-24
TTC,TittieCoin,2014-11-08,2014-01-29,vertoe,https://bitcointalk.org/index.php?topic=438174.0,2014-01-29
NMB,Nimbus,2014-09-04,2014-11-25,NimbusGames,https://bitcointalk.org/index.php?topic=873175.0,2014-11-25
GRT,Grantcoin,2015-07-27,2015-05-03,The Grantcoin Foundation,https://bitcointalk.org/index.php?topic=1046001.0,2015-05-03
FLAP,FlappyCoin,2014-02-22,2014-01-23,jayguar,https://bitcointalk.org/index.php?topic=429103.0,2014-01-23
BLU,BlueCoin,2014-04-27,2014-01-28,BluCoin,https://bitcointalk.org/index.php?topic=436511.0,2014-01-28
1337,1337,2015-11-09,2014-01-10,.Batman.,https://bitcointalk.org/index.php?topic=409150.0,2014-01-10
SOLE,Solecoin,2014-08-21,2014-08-08,solecoin,https://bitcointalk.org/index.php?topic=730077.0,2014-08-08
FLAX,Flaxscript,2015-07-25,2015-06-25,ocminer,https://bitcointalk.org/index.php?topic=1099181.0,2015-06-25
GRF,Graffiti,2015-08-17,2015-07-24,Graffiti,https://bitcointalk.org/index.php?topic=1133970.0,2015-07-24
FTC,Feathercoin,2013-05-02,2013-04-19,blastbob,https://bitcointalk.org/index.php?topic=180983.0,2013-04-19
GRE,Greencoin,2014-06-23,2014-04-22,GreenCoinDev,https://bitcointalk.org/index.php?topic=579815.0,2014-04-22
GRC,GridCoin,2015-02-28,2013-05-05,noyvpom,https://bitcointalk.org/index.php?topic=195400.0,2013-05-05
BLK,BlackCoin,2014-02-28,2014-02-16,rat4,https://bitcointalk.org/index.php?topic=469640.0,2014-02-16
CRACK,CrackCoin,2014-09-19,2013-05-29,r3wt,https://bitcointalk.org/index.php?topic=219220.0,2013-05-29
GRN,GraniteCoin,2014-06-12,2014-05-22,GraniteCoin,https://bitcointalk.org/index.php?topic=621544.0,2014-05-22
GRM,Gridmaster,2015-06-26,2015-06-14,gmcdev,https://bitcointalk.org/index.php?topic=1089741.0,2015-06-14
DSB,DarkShibe,2014-10-25,2014-10-23,DarkShibe,https://bitcointalk.org/index.php?topic=833133.0,2014-10-23
BLC,Blakecoin,2014-02-12,2013-10-07,BlueDragon747,https://bitcointalk.org/index.php?topic=306894.0,2013-10-07
COOL,CoolCoin,2014-06-28,2013-12-30,IainKay,https://bitcointalk.org/index.php?topic=391240.0,2013-12-30
HYPER,Hyper,2014-05-31,2013-05-30,shakezula,https://bitcointalk.org/index.php?topic=219665.0,2013-05-30
MI,Xiaomicoin,2015-09-04,2015-05-25,she9888,https://bitcointalk.org/index.php?topic=1068526.0,2015-05-25
NOC,Nocturna,2015-07-27,2014-01-28,extortion,https://bitcointalk.org/index.php?topic=435832.0,2014-01-28
EMC2,Einsteinium,2014-04-09,2014-01-19,naplam,https://bitcointalk.org/index.php?topic=423488.0,2014-01-19
CBX,Crypto Bullion,2013-08-04,2011-09-03,tylerR,https://bitcointalk.org/index.php?topic=41220.0,2011-09-03
OPAL,Opal,2014-09-13,2014-09-11,OpalTeam,https://bitcointalk.org/index.php?topic=778677.0,2014-09-11
DON,Donationcoin,2014-06-15,2014-01-01,skyisthelimit,https://bitcointalk.org/index.php?topic=394964.0,2014-01-01
SHADE,ShadeCoin,2014-09-06,2014-08-29,mitzie,https://bitcointalk.org/index.php?topic=761354.0,2014-08-29
FJC,FujiCoin,2015-06-14,2014-06-08,motty,https://bitcointalk.org/index.php?topic=644601.0,2014-06-08
BLITZ,Blitz,2014-11-16,2014-04-26,slavo,https://bitcointalk.org/index.php?topic=585741.0,2014-04-26
REP,Augur,2015-10-27,2015-06-23,tinybike,https://bitcointalk.org/index.php?topic=1097470.0,2015-06-23
GLC,GlobalCoin,2013-08-04,2013-06-28,erundook,https://bitcointalk.org/index.php?topic=245813.0,2013-06-28
GLD,GoldCoin,2013-06-14,2013-05-17,vipah,https://bitcointalk.org/index.php?topic=207872.0,2013-05-17
XSEED,BitSeeds,2015-04-21,2015-04-17,BitSeedsFoundation,https://bitcointalk.org/index.php?topic=1028446.0,2015-04-17
CTM,ContinuumCoin,2014-02-27,2014-02-26,coinpool_de,https://bitcointalk.org/index.php?topic=489291.0,2014-02-26
CTO,Crypto,2015-05-18,2011-10-29,cryptoxchange,https://bitcointalk.org/index.php?topic=50211.0,2011-10-29
SMC,SmartCoin,2014-02-06,2014-01-04,miramare,https://bitcointalk.org/index.php?topic=398977.0,2014-01-04
RED,RedCoin,2014-01-24,2013-06-30,ahmed_bodi,https://bitcointalk.org/index.php?topic=246820.0,2013-06-30
CLAM,Clams,2014-08-25,2014-05-24,SuperClam,https://bitcointalk.org/index.php?topic=623147.0,2014-05-24
LTBC,LTBcoin,2014-08-20,2015-04-05,BOUNTYSHARES,https://bitcointalk.org/index.php?topic=1013350.0,2015-04-05
FCX,Fantom,2015-11-23,2015-10-24,DuckYeah!,https://bitcointalk.org/index.php?topic=1219043.0,2015-10-24
XFC,Forevercoin,2015-06-24,2014-06-22,finerpay,https://bitcointalk.org/index.php?topic=661788.0,2014-06-22
DROP,Faucetcoin,2015-11-02,2014-01-26,aaron_m,https://bitcointalk.org/index.php?topic=433775.0,2014-01-26
ZOOM,Zoom,2015-07-16,2015-07-13,coinmaster222,https://bitcointalk.org/index.php?topic=1120639.0,2015-07-13
TAM,Tamagucci,2015-06-26,2015-06-21,bitspender,https://bitcointalk.org/index.php?topic=1096042.0,2015-06-21
XCR,Crypti,2014-08-07,2014-06-02,crypti,https://bitcointalk.org/index.php?topic=636676.0,2014-06-02
FCN,Fantomcoin,2014-06-08,2014-04-26,amphibian,https://bitcointalk.org/index.php?topic=585611.0,2014-04-26
BSC,BowsCoin,2015-07-13,2014-02-08,bsc,https://bitcointalk.org/index.php?topic=455254.0,2014-02-08
LTS,LiteStarCoin,2015-10-23,2014-02-09,qcbear,https://bitcointalk.org/index.php?topic=456191.0,2014-02-09
FC2,FuelCoin,2014-06-12,2013-05-14,Wolf Rainer,https://bitcointalk.org/index.php?topic=204583.0,2013-05-14
DFT,DraftCoin,2015-11-23,2015-11-19,simonsez,https://bitcointalk.org/index.php?topic=1255366.0,2015-11-19
LTC,Litecoin,2013-04-28,2011-10-09,coblee,https://bitcointalk.org/index.php?topic=47417.0,2011-10-09
LTB,LiteBar,2014-03-12,2014-02-12,Scooby903,https://bitcointalk.org/index.php?topic=461108.0,2014-02-12
UNITY,SuperNET,2014-09-30,2014-02-26,Elisha,https://bitcointalk.org/index.php?topic=489255.0,2014-02-26
AUR,Auroracoin,2014-02-27,2014-01-19,naplam,https://bitcointalk.org/index.php?topic=423488.0,2014-01-19
XTC,TileCoin,2014-10-25,2014-08-29,ASIC-8Tile,https://bitcointalk.org/index.php?topic=761852.0,2014-08-29
VEC,Vector,2015-09-04,2015-08-29,VectorDev,https://bitcointalk.org/index.php?topic=1165060.0,2015-08-29
FETISH,Fetish,2014-10-20,2014-09-19,altcoin.center,https://bitcointalk.org/index.php?topic=789338.0,2014-09-19
BTQ,BitQuark,2014-07-29,2014-02-15,BitQuark,https://bitcointalk.org/index.php?topic=468018.0,2014-02-15
BAY,BitBay,2014-11-16,2013-06-04,digitalindustry,https://bitcointalk.org/index.php?topic=225397.0,2013-06-04
ALN,Aliencoin,2014-03-15,2014-01-09,Aliencoin,https://bitcointalk.org/index.php?topic=407460.0,2014-01-09
ALF,AlphaCoin,2013-07-07,2013-06-11,ahmed_bodi,https://bitcointalk.org/index.php?topic=231527.0,2013-06-11
NTR,Neutrino,2014-06-12,2015-04-06,lemial,https://bitcointalk.org/index.php?topic=1014398.0,2015-04-06
SBC,StableCoin,2013-07-07,2013-06-07,artos,https://bitcointalk.org/index.php?topic=227766.0,2013-06-07
SC,Siacoin,2015-08-26,2013-05-08,rlh,https://bitcointalk.org/index.php?topic=198696.0,2013-05-08
ORB,Orbitcoin,2013-12-21,2013-09-12,torzsy,https://bitcointalk.org/index.php?topic=292818.0,2013-09-12
MMC,Memorycoin,2013-12-24,2013-08-03,FreeTrade,https://bitcointalk.org/index.php?topic=267522.0,2013-08-03
GLYPH,Glyph,2014-06-17,2014-06-08,GLYPH,https://bitcointalk.org/index.php?topic=644141.0,2014-06-08
I0C,I0Coin,2013-11-27,2013-06-03,Hazard,https://bitcointalk.org/index.php?topic=224744.0,2013-06-03
BAT,BatCoin,2014-03-03,2014-01-03,cosmofly,https://bitcointalk.org/index.php?topic=397562.0,2014-01-03
SSV,SSVCoin,2014-09-07,2014-06-22,SSVCoin,https://bitcointalk.org/index.php?topic=661043.0,2014-06-22
FUTC,FutCoin,2015-07-21,2015-02-19,FUTCOIN,https://bitcointalk.org/index.php?topic=960951.0,2015-02-19
TOR,TorCoin,2014-07-12,2013-12-24,hover,https://bitcointalk.org/index.php?topic=382947.0,2013-12-24
SOIL,SOILcoin,2015-11-12,2015-09-10,soil,https://bitcointalk.org/index.php?topic=1176709.0,2015-09-10
TOP,TopCoin,2014-02-17,2011-07-29,coblee,https://bitcointalk.org/index.php?topic=32771.0,2011-07-29
CAP,Bottlecaps,2013-07-04,2013-06-05,vinne81,https://bitcointalk.org/index.php?topic=226280.0,2013-06-05
CAT,Catcoin,2013-12-27,2013-11-23,Lebrick,https://bitcointalk.org/index.php?topic=344012.0,2013-11-23
OS76,OsmiumCoin,2015-10-19,2015-10-06,OSMIUMCOIN,https://bitcointalk.org/index.php?topic=1201395.0,2015-10-06
ERC,EuropeCoin,2015-06-18,2014-05-03,EuropeCoin,https://bitcointalk.org/index.php?topic=594797.0,2014-05-03
FRAC,Fractalcoin,2014-06-15,2014-06-12,Fractalcoin,https://bitcointalk.org/index.php?topic=650173.0,2014-06-12
HUGE,BigCoin,2015-04-24,2012-04-04,Vladimir,https://bitcointalk.org/index.php?topic=75298.0,2012-04-04
XCP,Counterparty,2014-02-15,2014-01-02,PhantomPhreak,https://bitcointalk.org/index.php?topic=395761.0,2014-01-02
CELL,SolarFarm,2015-01-25,2015-01-08,koko2530,https://bitcointalk.org/index.php?topic=917737.0,2015-01-08
VPN,VPNCoin,2014-11-23,2014-05-10,SuperTramp,https://bitcointalk.org/index.php?topic=602599.0,2014-05-10
ABC,Asset Backed Coin,2015-05-24,2013-05-17,jnada,https://bitcointalk.org/index.php?topic=207969.0,2013-05-17
DCYP,DarkCypher,2015-10-24,2015-10-06,Atomictie,https://bitcointalk.org/index.php?topic=1202219.0,2015-10-06
BANX,BanxShares,2014-09-30,2014-10-06,MarkLyford,https://bitcointalk.org/index.php?topic=813191.0,2014-10-06
NEOS,NeosCoin,2014-08-25,2014-08-26,twoturtles,https://bitcointalk.org/index.php?topic=757984.0,2014-08-26
STV,Sativacoin,2014-10-20,2014-09-21,sativacoin,https://bitcointalk.org/index.php?topic=791266.0,2014-09-21
ZRC,ZiftrCOIN,2015-03-03,2015-03-18,gnargnar,https://bitcointalk.org/index.php?topic=995250.0,2015-03-18
RZR,Razor,2014-06-21,2014-06-08,RazorTech,https://bitcointalk.org/index.php?topic=644498.0,2014-06-08
STR,StarCoin,2014-02-02,2013-07-20,sheinsha,https://bitcointalk.org/index.php?topic=259364.0,2013-07-20
CZC,CzechCrownCoin,2014-10-20,2014-05-04,czechcoin,https://bitcointalk.org/index.php?topic=595659.0,2014-05-04
XPD,PetroDollar,2014-04-15,2014-02-18,coinweaver,https://bitcointalk.org/index.php?topic=472238.0,2014-02-18
CACH,CacheCoin,2014-02-15,2014-01-05,kalgecin,https://bitcointalk.org/index.php?topic=400389.0,2014-01-05
PND,Pandacoin,2014-02-27,2013-12-30,bitrebel,https://bitcointalk.org/index.php?topic=391389.0,2013-12-30
GB,GreenBacks,2014-08-23,2013-12-26,speedminer,https://bitcointalk.org/index.php?topic=385981.0,2013-12-26
QRK,Quark,2013-08-25,2013-07-21,quarkcoin,https://bitcointalk.org/index.php?topic=260031.0,2013-07-21
XQN,Quotient,2014-11-23,2014-11-11,CedricQuotient,https://bitcointalk.org/index.php?topic=854299.0,2014-11-11
MIN,Mineralscoin,2014-06-21,2013-05-16,flound1129,https://bitcointalk.org/index.php?topic=207402.0,2013-05-16
LIT,Lightcoin,2014-07-05,2013-12-07,litecoin_messiah,https://bitcointalk.org/index.php?topic=361460.0,2013-12-07
GHC,GamerholicCoin,2014-10-10,2014-03-10,Ghostcoins,https://bitcointalk.org/index.php?topic=509522.0,2014-03-10
XUP,UPcoin,2015-09-22,2015-09-16,TheTerminator,https://bitcointalk.org/index.php?topic=1182202.0,2015-09-16
ZNY,Bitzeny,2015-07-09,2014-11-07,bitzeny,https://bitcointalk.org/index.php?topic=849994.0,2014-11-07
GAP,Gapcoin,2014-11-01,2014-06-11,j0nn9,https://bitcointalk.org/index.php?topic=647681.0,2014-06-11
SAK,Sharkcoin,2015-03-08,2014-05-20,SAKTeam,https://bitcointalk.org/index.php?topic=617410.0,2014-05-20
PRC,ProsperCoin,2014-02-20,2014-01-29,inmean,https://bitcointalk.org/index.php?topic=438433.0,2014-01-29
MEOW,Kittehcoin,2014-01-24,2013-12-21,kr105,https://bitcointalk.org/index.php?topic=380130.0,2013-12-21
PRT,Particle,2014-01-22,2013-12-31,moonmoon,https://bitcointalk.org/index.php?topic=392804.0,2013-12-31
CHA,Chancecoin,2014-05-20,2014-03-23,magician,https://bitcointalk.org/index.php?topic=528023.0,2014-03-23
CHC,ChainCoin,2015-07-16,2014-01-19,Rolihlahla,https://bitcointalk.org/index.php?topic=422149.0,2014-01-19
MRY,Murraycoin,2014-03-03,2014-01-20,bholzer,https://bitcointalk.org/index.php?topic=424179.0,2014-01-20
URC,Unrealcoin,2015-03-31,2015-03-23,USER211,https://bitcointalk.org/index.php?topic=1000669.0,2015-03-23
MMNXT,MMNXT,2014-10-22,2015-01-20,Nxtblg,https://bitcointalk.org/index.php?topic=930228.0,2015-01-20
URO,Uro,2014-06-12,2014-05-08,true-asset,https://bitcointalk.org/index.php?topic=600639.0,2014-05-08
MRS,Marscoin,2014-02-24,2014-01-15,Btcdealer5011,https://bitcointalk.org/index.php?topic=416486.0,2014-01-15
020,020LondonCoin,2015-09-15,2015-06-27,020LondonCoin,https://bitcointalk.org/index.php?topic=1101438.0,2015-06-27
QBK,Qibuck,2014-08-17,2014-07-09,ABC Dev Team,https://bitcointalk.org/index.php?topic=682939.0,2014-07-09
MRC,microCoin,2014-03-03,2014-01-03,MCR,https://bitcointalk.org/index.php?topic=397679.0,2014-01-03
UTIL,UtilityCoin,2014-09-30,2014-09-26,utilitycoin,https://bitcointalk.org/index.php?topic=797900.0,2014-09-26
VIA,Viacoin,2014-07-18,2011-12-13,Yankee (BitInstant),https://bitcointalk.org/index.php?topic=54506.0,2011-12-13
DBL,Doubloons,2013-07-04,2013-05-15,blastbob,https://bitcointalk.org/index.php?topic=206493.0,2013-05-15
SFR,SaffronCoin,2014-06-15,2014-04-27,saffroncoin,https://bitcointalk.org/index.php?topic=586320.0,2014-04-27
APC,Applecoin,2014-02-09,2013-05-31,Charles999,https://bitcointalk.org/index.php?topic=221166.0,2013-05-31
NIRO,Nexus,2015-01-25,2014-10-23,Trujillo,https://bitcointalk.org/index.php?topic=832714.0,2014-10-23
PYC,Paycoin,2014-12-06,2013-08-06,deppJ,https://bitcointalk.org/index.php?topic=268941.0,2013-08-06
GREXIT,Grexit,2015-07-23,2015-07-17,grexitcoin,https://bitcointalk.org/index.php?topic=1126239.0,2015-07-17
XLM,Stellar,2014-08-05,2014-08-01,lordoliver,https://bitcointalk.org/index.php?topic=720096.0,2014-08-01
KORE,KoreCoin,2014-06-21,2014-06-15,KoreCoin,https://bitcointalk.org/index.php?topic=652700.0,2014-06-15
FRDC,FreedomCoin,2015-09-21,2014-01-02,datguys,https://bitcointalk.org/index.php?topic=395971.0,2014-01-02
XLB,Libertycoin,2014-05-12,2014-01-03,wEEcoIn,https://bitcointalk.org/index.php?topic=397483.0,2014-01-03
COINO,CoinoUSD,2014-12-24,2014-01-17,coino.org,https://bitcointalk.org/index.php?topic=419873.0,2014-01-17
SILK,Silkcoin,2014-05-11,2014-02-12,silkcoinproject,https://bitcointalk.org/index.php?topic=462517.0,2014-02-12
SLING,Sling,2015-04-21,2015-04-20,DG.Slayer,https://bitcointalk.org/index.php?topic=1032166.0,2015-04-20
PLNC,PLNcoin,2014-04-15,2014-03-10,WalutowyKrol,https://bitcointalk.org/index.php?topic=509433.0,2014-03-10
PKB,ParkByte,2015-05-18,2015-04-29,ParkByte,https://bitcointalk.org/index.php?topic=1042054.0,2015-04-29
CAID,Coinaid,2015-09-15,2015-09-05,crunck,https://bitcointalk.org/index.php?topic=1171544.0,2015-09-05
NLG,Gulden,2014-04-08,2014-03-13,edu91,https://bitcointalk.org/index.php?topic=514665.0,2014-03-13
TENNET,TenneT,2015-08-10,2015-06-19,TenneT,https://bitcointalk.org/index.php?topic=1094342.0,2015-06-19
GCC,GuccioneCoin,2015-08-20,2015-06-25,GCCTeam1,https://bitcointalk.org/index.php?topic=1099201.0,2015-06-25
DOGED,DogeCoinDark,2014-10-25,2014-09-05,DogecoinDark,https://bitcointalk.org/index.php?topic=770742.0,2014-09-05
CSC,CasinoCoin,2013-07-24,2013-05-27,CartmanSPC,https://bitcointalk.org/index.php?topic=217139.0,2013-05-27
GCN,GCoin,2014-11-16,2013-05-03,farlack,https://bitcointalk.org/index.php?topic=194405.0,2013-05-03
SHA,SHACoin,2014-06-25,2013-08-30,Patches OHulahan,https://bitcointalk.org/index.php?topic=284782.0,2013-08-30
GCR,Global Currency Reserve,2015-08-26,2015-08-19,gcrgcr,https://bitcointalk.org/index.php?topic=1157341.0,2015-08-19
MOTO,Motocoin,2014-06-03,2014-05-01,WilliamLie2,https://bitcointalk.org/index.php?topic=591724.0,2014-05-01
SHF,Shift,2015-09-05,2014-03-02,Coinshift,https://bitcointalk.org/index.php?topic=497366.0,2014-03-02
RT2,RotoCoin,2014-03-29,2014-03-15,Rotocoin,https://bitcointalk.org/index.php?topic=516138.0,2014-03-15
MONETA,Moneta,2015-10-24,2014-06-15,cryptomidnight,https://bitcointalk.org/index.php?topic=653141.0,2014-06-15
VTR,vTorrent,2014-12-24,2014-12-11,vtorrent,https://bitcointalk.org/index.php?topic=889481.0,2014-12-11
CAGE,CageCoin,2014-04-15,2014-01-01,Nicolas_Cage,https://bitcointalk.org/index.php?topic=394958.0,2014-01-01
BTX,BitcoinTX,2015-04-26,2015-04-27,placebo,https://bitcointalk.org/index.php?topic=1039964.0,2015-04-27
LEAF,LeafCoin,2014-02-02,2014-01-24,mcg,https://bitcointalk.org/index.php?topic=430091.0,2014-01-24
BTS,BitShares,2014-07-20,2014-02-24,CLains,https://bitcointalk.org/index.php?topic=485166.0,2014-02-24
XCE,Cerium,2015-06-10,2015-06-06,Cerium,https://bitcointalk.org/index.php?topic=1082918.0,2015-06-06
XCH,ClearingHouse,2014-10-04,2014-08-11,btcdrak,https://bitcointalk.org/index.php?topic=734674.0,2014-08-11
DOGE,Dogecoin,2013-12-15,2013-12-08,Dogecoin,https://bitcointalk.org/index.php?topic=361813.0,2013-12-08
XCN,Cryptonite,2014-08-02,2013-12-30,x_Coin,https://bitcointalk.org/index.php?topic=391457.0,2013-12-30
XCO,X-Coin,2015-03-05,2014-01-26,eduffield,https://bitcointalk.org/index.php?topic=433518.0,2014-01-26
MOON,Mooncoin,2014-01-06,2013-05-27,muddafudda,https://bitcointalk.org/index.php?topic=217526.0,2013-05-27
BTE,Bytecoin,2013-05-10,2013-04-02,Gerco,https://bitcointalk.org/index.php?topic=165216.0,2013-04-02
BTG,Bitgem,2013-07-04,2013-05-16,mineral,https://bitcointalk.org/index.php?topic=207008.0,2013-05-16
BTA,Bata,2015-05-29,2015-04-28,pc888,https://bitcointalk.org/index.php?topic=1040956.0,2015-04-28
BTC,Bitcoin,2013-04-28,2011-06-10,Alex Zee,https://bitcointalk.org/index.php?topic=14760.0,2011-06-10
BTB,BitBar,2013-05-09,2013-05-02,xorxor,https://bitcointalk.org/index.php?topic=193519.0,2013-05-02
SSD,Sonic,2014-08-12,2013-12-26,speedminer,https://bitcointalk.org/index.php?topic=385981.0,2013-12-26
LTD,LimitedCoin,2015-09-15,2015-09-11,LimitedDev,https://bitcointalk.org/index.php?topic=1177493.0,2015-09-11
JBS,Jumbucks,2014-09-07,2014-09-01,jyap,https://bitcointalk.org/index.php?topic=765082.0,2014-09-01
INDEX,CoinoIndex,2015-06-18,2014-01-06,efanucar,https://bitcointalk.org/index.php?topic=401271.0,2014-01-06
ISR,Isracoin,2014-04-08,2014-03-24,IsraelCoin,https://bitcointalk.org/index.php?topic=529409.0,2014-03-24
JAY,Jay,2015-04-17,2015-04-02,jones_,https://bitcointalk.org/index.php?topic=1010702.0,2015-04-02
XCASH,XCash,2014-09-11,2014-09-01,johnnyxcash,https://bitcointalk.org/index.php?topic=765360.0,2014-09-01
SPHR,Sphere,2015-05-02,2015-04-30,ChronoSphereDev,https://bitcointalk.org/index.php?topic=1042958.0,2015-04-30
MUE,MonetaryUnit,2014-11-01,2014-09-11,Mue,https://bitcointalk.org/index.php?topic=778322.0,2014-09-11
OCTO,Octo,2015-03-22,2015-02-19,OCTOPARTY,https://bitcointalk.org/index.php?topic=960933.0,2015-02-19
CURE,CureCoin,2014-05-26,2013-05-07,cygnusxi,https://bitcointalk.org/index.php?topic=197773.0,2013-05-07
ISL,IslaCoin,2015-09-28,2015-05-05,isladev,https://bitcointalk.org/index.php?topic=1051125.0,2015-05-05
DGB,DigiByte,2014-02-06,2014-02-03,sa_ddam213,https://bitcointalk.org/index.php?topic=446313.0,2014-02-03
DGC,Digitalcoin,2013-06-09,2013-05-20,fenican,https://bitcointalk.org/index.php?topic=210954.0,2013-05-20
ECC,ECCoin,2014-03-20,2014-03-06,hostmaster,https://bitcointalk.org/index.php?topic=503236.0,2014-03-06
EBS,EBOLAShares,2015-07-21,2014-11-09,EbolaDev,https://bitcointalk.org/index.php?topic=853242.0,2014-11-09
BITB,BitBean,2015-02-18,2015-01-06,nokat,https://bitcointalk.org/index.php?topic=915650.0,2015-01-06
ASC,AsicCoin,2013-12-31,2013-09-11,asicuser,https://bitcointalk.org/index.php?topic=292501.0,2013-09-11
BITZ,Bitz,2015-03-08,2015-11-01,EBK1000,https://bitcointalk.org/index.php?topic=1234560.0,2015-11-01
KUMA,Kumacoin,2014-08-02,2014-04-26,kumacoinproject,https://bitcointalk.org/index.php?topic=585772.0,2014-04-26
QTL,Quatloo,2014-07-12,2014-03-21,ThePeePs,https://bitcointalk.org/index.php?topic=524483.0,2014-03-21
BITS,Bitstar,2014-04-23,2013-06-02,jubalix,https://bitcointalk.org/index.php?topic=223104.0,2013-06-02
JKC,Junkcoin,2013-06-14,2013-05-07,Narken,https://bitcointalk.org/index.php?topic=198175.0,2013-05-07
FRC,Freicoin,2013-05-02,2012-06-25,maaku,https://bitcointalk.org/index.php?topic=89843.0,2012-06-25
VTC,Vertcoin,2014-01-20,2014-01-18,naplam,https://bitcointalk.org/index.php?topic=421790.0,2014-01-18
DUO,ParallelCoin,2015-10-24,2014-08-02,Parallaxis,https://bitcointalk.org/index.php?topic=721170.0,2014-08-02
FRK,Franko,2013-06-09,2013-05-07,Narken,https://bitcointalk.org/index.php?topic=198175.0,2013-05-07
XC,XCurrency,2014-05-23,2014-05-08,atcsecure,https://bitcointalk.org/index.php?topic=600706.0,2014-05-08
DUB,Dubstep,2015-06-30,2014-02-02,baritus,https://bitcointalk.org/index.php?topic=445324.0,2014-02-02
EUC,Eurocoin,2015-08-23,2014-03-04,deeppurple72,https://bitcointalk.org/index.php?topic=499294.0,2014-03-04
UNB,UnbreakableCoin,2014-05-23,2014-03-27,jimblasko,https://bitcointalk.org/index.php?topic=539945.0,2014-03-27
UNC,UNCoin,2015-03-22,2013-12-10,dr_chen,https://bitcointalk.org/index.php?topic=365399.0,2013-12-10
CARB,Carboncoin,2014-08-02,2014-03-06,axismundi,https://bitcointalk.org/index.php?topic=504157.0,2014-03-06
CLV,CleverCoin,2015-05-13,2015-05-08,clevercryptodev,https://bitcointalk.org/index.php?topic=1054615.0,2015-05-08
BBR,Boolberry,2014-06-24,2014-07-05,silvo,https://bitcointalk.org/index.php?topic=678237.0,2014-07-05
CLR,Copperlark,2013-11-03,2013-08-05,vipah,https://bitcointalk.org/index.php?topic=268241.0,2013-08-05
UNO,Unobtanium,2013-12-21,2013-10-17,Blazr2,https://bitcointalk.org/index.php?topic=313126.0,2013-10-17
OMC,Omnicoin,2014-05-11,2014-03-28,OSRSGold,https://bitcointalk.org/index.php?topic=543740.0,2014-03-28
ZED,Zedcoin,2014-03-06,2014-01-17,YourMine.org,https://bitcointalk.org/index.php?topic=420729.0,2014-01-17
HVC,Heavycoin,2014-03-12,2013-12-30,1gh,https://bitcointalk.org/index.php?topic=392322.0,2013-12-30
CRAVE,Crave,2015-03-26,2015-03-20,industrialcoinmagic,https://bitcointalk.org/index.php?topic=997356.0,2015-03-20
ZET,Zetacoin,2013-09-10,2013-08-03,Giskard,https://bitcointalk.org/index.php?topic=267545.0,2013-08-03
INFX,Influxcoin,2015-09-15,2014-02-22,influxcoin,https://bitcointalk.org/index.php?topic=481131.0,2014-02-22
VTA,Virtacoin,2014-08-09,2014-08-11,VirtaCoinDev,https://bitcointalk.org/index.php?topic=734859.0,2014-08-11
SLFI,Selfiecoin,2015-03-22,2014-06-05,SelfieCoin Dev,https://bitcointalk.org/index.php?topic=641094.0,2014-06-05
AMS,AmsterdamCoin,2015-08-20,2015-08-14,keesdewit,https://bitcointalk.org/index.php?topic=1152947.0,2015-08-14
WBB,WildBeastBitcoin,2015-02-28,2015-02-11,WildBeastBitcoin,https://bitcointalk.org/index.php?topic=952619.0,2015-02-11
DUCK,DuckDuckCoin,2014-02-22,2013-05-07,eule,https://bitcointalk.org/index.php?topic=197507.0,2013-05-07
DT,DarkToken,2014-09-17,2014-09-16,darktoken,https://bitcointalk.org/index.php?topic=785420.0,2014-09-16
DP,DigitalPrice,2014-10-04,2014-09-20,7vpo,https://bitcointalk.org/index.php?topic=789847.0,2014-09-20
CESC,CryptoEscudo,2014-04-03,2014-03-29,play,https://bitcointalk.org/index.php?topic=546176.0,2014-03-29
CYP,Cypher,2015-04-11,2015-03-29,Cypher7A69,https://bitcointalk.org/index.php?topic=1006527.0,2015-03-29
CYT,Cryptokenz,2015-09-21,2015-09-10,Crypt0ken,https://bitcointalk.org/index.php?topic=1175960.0,2015-09-10
POT,PotCoin,2014-02-09,2013-08-11,hendo420,https://bitcointalk.org/index.php?topic=271570.0,2013-08-11
MRKT,FreeMarket,2014-09-23,2014-11-11,BTCDDev,https://bitcointalk.org/index.php?topic=854756.0,2014-11-11
POP,PopularCoin,2014-04-23,2014-01-28,eon89,https://bitcointalk.org/index.php?topic=437612.0,2014-01-28
CYC,Conspiracycoin,2014-07-05,2014-05-07,Omega6,https://bitcointalk.org/index.php?topic=599192.0,2014-05-07
TGC,Tigercoin,2013-12-21,2013-09-06,mintedstone,https://bitcointalk.org/index.php?topic=289312.0,2013-09-06
RPC,RonPaulCoin,2014-01-06,2013-12-28,colinistheman,https://bitcointalk.org/index.php?topic=389070.0,2013-12-28
TIPS,FedoraCoin,2013-12-31,2013-12-22,MystPhysX,https://bitcointalk.org/index.php?topic=380466.0,2013-12-22
NODE,Node,2014-09-13,2013-05-02,Passion_ltc,https://bitcointalk.org/index.php?topic=193185.0,2013-05-02
BITGOLD,bitGold,2015-01-04,2014-03-21,Gold-Bars,https://bitcointalk.org/index.php?topic=524648.0,2014-03-21
RBY,Rubycoin,2014-03-20,2014-02-11,rby,https://bitcointalk.org/index.php?topic=459622.0,2014-02-11
DOPE,DopeCoin,2014-02-22,2014-02-15,dopey,https://bitcointalk.org/index.php?topic=467641.0,2014-02-15
SDC,ShadowCash,2014-07-31,2014-07-18,sdcoin,https://bitcointalk.org/index.php?topic=700087.0,2014-07-18
LSD,Lightspeed,2014-09-13,2014-09-04,lightspeedLS,https://bitcointalk.org/index.php?topic=769832.0,2014-09-04
SLR,SolarCoin,2014-03-29,2014-01-23,ddirt,https://bitcointalk.org/index.php?topic=429119.0,2014-01-23
SLG,Sterlingcoin,2014-09-23,2014-08-02,Sterlingcoin,https://bitcointalk.org/index.php?topic=721936.0,2014-08-02
MCN,MonetaVerde,2014-08-25,2014-06-15,cryptomidnight,https://bitcointalk.org/index.php?topic=653141.0,2014-06-15
DICE,NeoDICE,2014-11-08,2012-09-26,SRoulette,https://bitcointalk.org/index.php?topic=112985.0,2012-09-26
NRB,Noirbits,2013-07-04,2013-05-30,barwizi,https://bitcointalk.org/index.php?topic=219773.0,2013-05-30
LGD,LegendaryCoin,2014-04-27,2014-03-25,legendarycoin,https://bitcointalk.org/index.php?topic=530175.0,2014-03-25
QB,Quarkbar,2014-05-26,2014-02-26,QuarkBar,https://bitcointalk.org/index.php?topic=488455.0,2014-02-26
MCZ,MangoCoinz,2015-03-22,2014-12-22,SreleFromMangoCoinz,https://bitcointalk.org/index.php?topic=902788.0,2014-12-22
BDSM,BDSM,2014-10-20,2014-09-19,altcoin.center,https://bitcointalk.org/index.php?topic=789338.0,2014-09-19
NRS,NoirShares,2014-04-20,2014-02-13,barwizi,https://bitcointalk.org/index.php?topic=464197.0,2014-02-13
XGR,GoldReserve,2014-06-28,2014-06-05,Mesterlovesz74,https://bitcointalk.org/index.php?topic=641064.0,2014-06-05
$$$,Money,2015-11-12,2013-06-06,dolfcao,https://bitcointalk.org/index.php?topic=227149.0,2013-06-06
AXR,Axron,2014-08-27,2014-08-14,Project Axron,https://bitcointalk.org/index.php?topic=738534.0,2014-08-14
EXE,Execoin,2014-03-10,2014-03-14,NamunX,https://bitcointalk.org/index.php?topic=514716.0,2014-03-14
EXC,Extremecoin,2014-01-16,2013-08-17,CaptChadd,https://bitcointalk.org/index.php?topic=276609.0,2013-08-17
CKC,Checkcoin,2014-09-19,2014-01-05,Clockcoin,https://bitcointalk.org/index.php?topic=400477.0,2014-01-05
MUSE,MUSE,2015-05-06,2015-10-23,StanLarimer,https://bitcointalk.org/index.php?topic=1217871.0,2015-10-23
HBN,HoboNickels,2013-12-20,2013-07-24,thundertoe,https://bitcointalk.org/index.php?topic=261550.0,2013-07-24
WS,Woodshares,2015-07-02,2014-05-22,onetootwee,https://bitcointalk.org/index.php?topic=620269.0,2014-05-22
EXP,Expanse,2015-09-15,2015-08-10,CryptoClub,https://bitcointalk.org/index.php?topic=1149632.0,2015-08-10
LQD,LIQUID,2015-02-06,2014-04-01,Bitcoin Magazine,https://bitcointalk.org/index.php?topic=552431.0,2014-04-01
PAK,Pakcoin,2015-09-15,2015-06-22,drwatson84,https://bitcointalk.org/index.php?topic=1096893.0,2015-06-22
BSTY,GlobalBoost-Y,2014-10-03,2014-09-10,wgd,https://bitcointalk.org/index.php?topic=777173.0,2014-09-10
IBITS,iBits,2015-07-27,2015-07-13,iBITS,https://bitcointalk.org/index.php?topic=1120097.0,2015-07-13
TCO,TacoCoin,2014-07-21,2014-05-09,TacoCoin,https://bitcointalk.org/index.php?topic=601960.0,2014-05-09
VNL,Vanillacoin,2015-03-05,2014-01-12,vanilla_sys,https://bitcointalk.org/index.php?topic=412311.0,2014-01-12
RIN,Ringo,2014-08-02,2014-05-23,homhomhom,https://bitcointalk.org/index.php?topic=622288.0,2014-05-23
TIT,Titcoin,2014-08-25,2014-11-10,titcoinfoundation,https://bitcointalk.org/index.php?topic=853781.0,2014-11-10
YAC,Yacoin,2013-06-09,2013-05-05,pocopoco,https://bitcointalk.org/index.php?topic=196196.0,2013-05-05
RIC,Riecoin,2014-02-27,2013-09-05,gatra,https://bitcointalk.org/index.php?topic=288065.0,2013-09-05
COV,Coven,2015-04-21,2015-04-19,CovenDev,https://bitcointalk.org/index.php?topic=1029754.0,2015-04-19
OFF,Cthulhu Offerings,2015-07-25,2013-05-15,wangsw,https://bitcointalk.org/index.php?topic=205783.0,2013-05-15
HAM,HamRadioCoin,2014-10-26,2013-12-28,raistlinthewiz,https://bitcointalk.org/index.php?topic=388650.0,2013-12-28
SONG,SongCoin,2015-03-22,2014-11-06,Skele,https://bitcointalk.org/index.php?topic=849084.0,2014-11-06
NAN,NanoToken,2013-07-17,2013-07-01,xcezzz,https://bitcointalk.org/index.php?topic=247304.0,2013-07-01
DASH,Dash,2014-02-14,2014-01-18,eduffield,https://bitcointalk.org/index.php?topic=421615.0,2014-01-18
THC,HempCoin,2014-06-28,2013-10-30,Grogorash,https://bitcointalk.org/index.php?topic=321693.0,2013-10-30
PHO,Photon,2014-05-23,2014-01-08,rinovma,https://bitcointalk.org/index.php?topic=404623.0,2014-01-08
BURST,Burst,2014-08-30,2014-08-10,burstcoin,https://bitcointalk.org/index.php?topic=731923.0,2014-08-10
ZEIT,Zeitcoin,2014-03-20,2014-02-14,ZEITCOIN,https://bitcointalk.org/index.php?topic=466066.0,2014-02-14
SWIFT,BitSwift,2014-10-05,2013-10-21,MasterRuthless,https://bitcointalk.org/index.php?topic=315290.0,2013-10-21
SYS,SysCoin,2014-08-20,2014-04-27,danosphere,https://bitcointalk.org/index.php?topic=587080.0,2014-04-27
MEM,Memecoin,2013-06-09,2013-05-18,blastbob,https://bitcointalk.org/index.php?topic=209328.0,2013-05-18
TRBO,TurboStake,2015-10-30,2015-10-08,CryptoWiz420,https://bitcointalk.org/index.php?topic=1203357.0,2015-10-08
LXC,Librexcoin,2014-08-05,2014-07-21,Librexcoindev,https://bitcointalk.org/index.php?topic=703042.0,2014-07-21
MZC,MazaCoin,2014-02-27,2014-03-05,crazyearner,https://bitcointalk.org/index.php?topic=502626.0,2014-03-05
PHS,Philosopher Stones,2013-12-17,2013-07-28,johntawaki,https://bitcointalk.org/index.php?topic=263744.0,2013-07-28
STEPS,Steps,2015-09-19,2015-09-07,AltcoinSteps,https://bitcointalk.org/index.php?topic=1173385.0,2015-09-07
SPEC,SPEC,2015-07-27,2014-01-26,danosphere,https://bitcointalk.org/index.php?topic=432580.0,2014-01-26
EMD,Emerald Crypto,2013-08-04,2013-06-16,picasso,https://bitcointalk.org/index.php?topic=235870.0,2013-06-16
DMD,Diamond,2013-12-19,2013-07-13,JohnLuc,https://bitcointalk.org/index.php?topic=255806.0,2013-07-13
CRW,CrownCoin,2014-11-08,2014-03-22,fugue,https://bitcointalk.org/index.php?topic=526279.0,2014-03-22
CRT,CRTCoin,2014-05-11,2015-06-03,Sohaib Bismal,https://bitcointalk.org/index.php?topic=1078787.0,2015-06-03
BELA,BellaCoin,2014-03-20,2014-01-29,twoturtles,https://bitcointalk.org/index.php?topic=437825.0,2014-01-29
SYNC,Sync,2014-05-20,2013-06-24,MstCoin,https://bitcointalk.org/index.php?topic=242406.0,2013-06-24
DRZ,Droidz,2015-04-27,2015-04-14,DRZ,https://bitcointalk.org/index.php?topic=1024845.0,2015-04-14
CRC,CraftCoin,2013-07-07,2013-04-28,jubalix,https://bitcointalk.org/index.php?topic=189501.0,2013-04-28
SKC,Skeincoin,2014-03-15,2013-11-01,Red Kendra,https://bitcointalk.org/index.php?topic=322828.0,2013-11-01
SKB,SkullBuzz,2015-10-14,2015-05-20,SkullBuzz,https://bitcointalk.org/index.php?topic=1066128.0,2015-05-20
GRS,GroestlCoin,2014-04-11,2014-03-22,gruve_p,https://bitcointalk.org/index.php?topic=525926.0,2014-03-22
PR,Prototanium,2015-10-12,2014-07-29,BitsendInc,https://bitcointalk.org/index.php?topic=715563.0,2014-07-29
ACOIN,Acoin,2014-09-13,2014-08-29,A-Coin,https://bitcointalk.org/index.php?topic=761818.0,2014-08-29
XDN,DigitalNote,2014-06-24,2014-05-30,dNote,https://bitcointalk.org/index.php?topic=632595.0,2014-05-30
BUK,CryptoBuck,2014-10-04,2013-08-31,CryptoBuck,https://bitcointalk.org/index.php?topic=285224.0,2013-08-31
BUN,BunnyCoin,2014-09-11,2014-04-29,shibebunny,https://bitcointalk.org/index.php?topic=589180.0,2014-04-29
XDQ,Dirac,2014-05-26,2014-05-19,coinweaver,https://bitcointalk.org/index.php?topic=616288.0,2014-05-19
XDP,Dogeparty,2014-08-28,2014-07-23,dogeparty,https://bitcointalk.org/index.php?topic=706739.0,2014-07-23
GEO,GeoCoin,2015-02-21,2013-08-18,MaGNeT,https://bitcointalk.org/index.php?topic=277091.0,2013-08-18
FIBRE,Fibre,2014-08-30,2014-08-13,killakem,https://bitcointalk.org/index.php?topic=737774.0,2014-08-13
LIMX,LimeCoinX,2014-06-08,2014-04-06,IParn,https://bitcointalk.org/index.php?topic=559534.0,2014-04-06
KEY,KeyCoin,2014-07-18,2013-04-20,SRoulette,https://bitcointalk.org/index.php?topic=181446.0,2013-04-20
TAGR,TAGRcoin,2015-07-16,2015-06-18,Tagr.Dev,https://bitcointalk.org/index.php?topic=1092796.0,2015-06-18
UNIC,UniCoin,2015-06-14,2013-12-30,Teamunicoin,https://bitcointalk.org/index.php?topic=392204.0,2013-12-30
XRA,Ratecoin,2015-06-26,2015-06-17,R-A-T-E,https://bitcointalk.org/index.php?topic=1092273.0,2015-06-17
VGC,VegasCoin,2014-05-06,2014-02-15,Byates,https://bitcointalk.org/index.php?topic=466312.0,2014-02-15
FUND,Cryptofund,2015-09-21,2012-01-20,bearbones,https://bitcointalk.org/index.php?topic=60468.0,2012-01-20
SHELL,ShellPay,2015-06-18,2015-05-08,ShellCoin,https://bitcointalk.org/index.php?topic=1054714.0,2015-05-08
EFL,Electronic Gulden,2014-03-26,2014-03-19,ElectronicGulden,https://bitcointalk.org/index.php?topic=522661.0,2014-03-19
XRP,Ripple,2013-08-04,2013-04-17,sron,https://bitcointalk.org/index.php?topic=178651.0,2013-04-17
UNIT,Universal Currency,2015-05-06,2014-05-07,XertroV,https://bitcointalk.org/index.php?topic=598785.0,2014-05-07
LEA,LeaCoin,2015-04-19,2015-03-30,tattooman67,https://bitcointalk.org/index.php?topic=1006917.0,2015-03-30
SANDG,Save and Gain,2015-10-12,2015-06-16,crunck,https://bitcointalk.org/index.php?topic=1091306.0,2015-06-16
MARYJ,MaryJane,2014-10-04,2014-09-29,kryptologist,https://bitcointalk.org/index.php?topic=801804.0,2014-09-29
ANC,Anoncoin,2013-07-14,2013-06-10,eddyfitz,https://bitcointalk.org/index.php?topic=231340.0,2013-06-10
CBIT,CryptBit,2015-10-01,2015-09-23,CryptBit,https://bitcointalk.org/index.php?topic=1188889.0,2015-09-23
XEMP,EmpoCredits,2015-09-14,2015-08-09,EmpoEX,https://bitcointalk.org/index.php?topic=1148697.0,2015-08-09
ANI,Animecoin,2014-02-28,2014-01-19,ani-chan,https://bitcointalk.org/index.php?topic=423339.0,2014-01-19
NVC,Novacoin,2013-04-28,2013-02-11,xorxor,https://bitcointalk.org/index.php?topic=143221.0,2013-02-11
FRSH,FreshCoin,2014-08-22,2014-10-08,melt7777,https://bitcointalk.org/index.php?topic=815650.0,2014-10-08
JLH,jl777hodl,2014-07-23,2014-07-18,EvilDave,https://bitcointalk.org/index.php?topic=699887.0,2014-07-18
BCN,Bytecoin,2014-06-17,2013-04-02,Gerco,https://bitcointalk.org/index.php?topic=165216.0,2013-04-02
GIVE,GiveCoin,2015-02-20,2013-03-13,serraz,https://bitcointalk.org/index.php?topic=152836.0,2013-03-13
CHIP,ChipCoin,2015-08-04,2013-06-06,Bicknellski,https://bitcointalk.org/index.php?topic=226787.0,2013-06-06
DVC,Devcoin,2013-04-28,2012-10-13,pyra-proxy,https://bitcointalk.org/index.php?topic=118209.0,2012-10-13
BCX,BattleCoin,2014-01-30,2014-01-11,jackofall1232,https://bitcointalk.org/index.php?topic=409482.0,2014-01-11
BCY,Bitcrystals,2015-09-14,2015-02-16,hnin,https://bitcointalk.org/index.php?topic=957797.0,2015-02-16
ETH,Ethereum,2015-08-07,2014-01-23,Vitalik Buterin,https://bitcointalk.org/index.php?topic=428589.0,2014-01-23
COL,Colossuscoin,2013-11-30,2013-08-22,muddafudda,https://bitcointalk.org/index.php?topic=279601.0,2013-08-22
BCR,Bitcredits,2015-03-29,2014-01-12,clackersmaracas,https://bitcointalk.org/index.php?topic=412591.0,2014-01-12
CON,PayCon,2015-02-15,2013-05-24,Blue_oxen,https://bitcointalk.org/index.php?topic=215204.0,2013-05-24
SPRTS,Sprouts,2015-07-21,2015-06-30,MrEggman,https://bitcointalk.org/index.php?topic=1103868.0,2015-06-30
CASH,Cashcoin,2014-02-27,2012-01-24,Yankee (BitInstant),https://bitcointalk.org/index.php?topic=60960.0,2012-01-24
KDC,KlondikeCoin,2014-02-02,2014-01-09,KlondikeCoin,https://bitcointalk.org/index.php?topic=407705.0,2014-01-09
VRC,VeriCoin,2014-05-16,2014-05-09,effectsToCause,https://bitcointalk.org/index.php?topic=602041.0,2014-05-09
QORA,Qora,2014-05-26,2014-03-19,qora,https://bitcointalk.org/index.php?topic=522102.0,2014-03-19
C2,Coin2.1,2014-06-08,2014-02-23,joel511,https://bitcointalk.org/index.php?topic=483847.0,2014-02-23
ZS,ZimStake,2014-05-02,2014-04-25,CryptoGir,https://bitcointalk.org/index.php?topic=583591.0,2014-04-25
SRC,SecureCoin,2013-09-28,2013-07-07,baritus,https://bitcointalk.org/index.php?topic=251782.0,2013-07-07
FAIR,FairCoin,2014-03-22,2013-05-13,Milkshake,https://bitcointalk.org/index.php?topic=203647.0,2013-05-13
DIME,Dimecoin,2014-01-06,2013-12-23,dimecoin,https://bitcointalk.org/index.php?topic=382164.0,2013-12-23
CC,CyberCoin,2015-04-03,2013-04-18,blastbob,https://bitcointalk.org/index.php?topic=179920.0,2013-04-18
CB,CryptoByte,2015-10-24,2014-08-18,Vertaisvaluutta,https://bitcointalk.org/index.php?topic=744825.0,2014-08-18
XMG,Magi,2014-09-23,2014-08-12,joelao95,https://bitcointalk.org/index.php?topic=735170.0,2014-08-12
HEX,Heisenberg,2014-03-15,2014-02-22,Heisenbergprime,https://bitcointalk.org/index.php?topic=481417.0,2014-02-22
CF,Californium,2015-04-21,2015-03-30,niitassin,https://bitcointalk.org/index.php?topic=1007479.0,2015-03-30
COMM,CommunityCoin,2014-04-15,2013-08-24,CaptChadd,https://bitcointalk.org/index.php?topic=280451.0,2013-08-24
CS,CryptoSpots,2015-08-04,2014-06-16,HYPERfuture,https://bitcointalk.org/index.php?topic=654249.0,2014-06-16
IEC,IvugeoCoin,2015-04-29,2014-07-25,CorruptoFoundation,https://bitcointalk.org/index.php?topic=710215.0,2014-07-25
XMR,Monero,2014-05-20,2014-04-23,monero,https://bitcointalk.org/index.php?topic=582080.0,2014-04-23
DRS,Denarius,2014-06-15,2014-05-01,Nthused,https://bitcointalk.org/index.php?topic=591323.0,2014-05-01
PLS,PLAY,2015-10-12,2013-09-24,MicroGuy,https://bitcointalk.org/index.php?topic=300561.0,2013-09-24
UFO,UFO Coin,2014-02-27,2014-01-05,UFO Coin,https://bitcointalk.org/index.php?topic=399937.0,2014-01-05
CDN,Canada eCoin,2014-05-11,2014-03-25,5RedneX,https://bitcointalk.org/index.php?topic=530165.0,2014-03-25
BILS,BilShares,2014-08-25,2014-08-08,starteam,https://bitcointalk.org/index.php?topic=729068.0,2014-08-08
NMC,Namecoin,2013-04-28,2012-05-24,khal,https://bitcointalk.org/index.php?topic=83403.0,2012-05-24
LOG,Woodcoin,2015-03-22,2014-10-22,funkenstein,https://bitcointalk.org/index.php?topic=831003.0,2014-10-22
MNTA,Moneta,2014-08-30,2014-06-15,cryptomidnight,https://bitcointalk.org/index.php?topic=653141.0,2014-06-15
DIG,Digit,2014-06-28,2014-05-29,yamashita,https://bitcointalk.org/index.php?topic=630310.0,2014-05-29
HYP,HyperStake,2014-08-09,2014-11-25,grue,https://bitcointalk.org/index.php?topic=872099.0,2014-11-25
LOT,LottoCoin,2013-12-27,2013-05-21,Bitcoin.Greece,https://bitcointalk.org/index.php?topic=212476.0,2013-05-21
ARCH,ARCHcoin,2014-10-06,2014-07-15,The Architects,https://bitcointalk.org/index.php?topic=695857.0,2014-07-15
AXIOM,Axiom,2015-07-29,2015-09-20,bitcoinrpc.cpp,https://bitcointalk.org/index.php?topic=1185036.0,2015-09-20
AIB,AIB,2015-04-30,2015-04-11,aib,https://bitcointalk.org/index.php?topic=1020912.0,2015-04-11
PPC,Peercoin,2013-04-28,2012-08-10,Sunny King,https://bitcointalk.org/index.php?topic=99735.0,2012-08-10
XXX,XxXcoin,2014-07-03,2013-09-24,fendlestick,https://bitcointalk.org/index.php?topic=300570.0,2013-09-24
SOL,Solcoin,2014-09-07,2014-01-07,Solcoin Project,https://bitcointalk.org/index.php?topic=402170.0,2014-01-07
QCN,QuazarCoin,2014-05-26,2014-05-08,OracionSeis,https://bitcointalk.org/index.php?topic=600658.0,2014-05-08
DIBS,Dibbits,2015-06-24,2014-12-17,vdibs,https://bitcointalk.org/index.php?topic=896822.0,2014-12-17
NSR,NuShares,2014-10-25,2015-02-14,drakoin,https://bitcointalk.org/index.php?topic=955575.0,2015-02-14
G3N,Genstake,2015-06-10,2015-06-03,ThinkingOutLoud,https://bitcointalk.org/index.php?topic=1079186.0,2015-06-03
UTC,UltraCoin,2014-02-09,2013-08-24,Neo8,https://bitcointalk.org/index.php?topic=280479.0,2013-08-24
GOOD,GoodCoin,2014-06-08,2013-05-05,cryptocancer,https://bitcointalk.org/index.php?topic=195801.0,2013-05-05
MTR,MasterTraderCoin,2015-03-02,2015-02-14,mprep,https://bitcointalk.org/index.php?topic=955934.0,2015-02-14
XVI,Vibranium,2015-07-02,2015-06-08,Viecoin,https://bitcointalk.org/index.php?topic=1084038.0,2015-06-08
IRL,IrishCoin,2015-07-07,2014-04-26,irishcoin,https://bitcointalk.org/index.php?topic=585654.0,2014-04-26
HTML5,HTMLCOIN,2014-09-19,2014-11-06,Nanite,https://bitcointalk.org/index.php?topic=849856.0,2014-11-06
CNMT,Coinomat,2014-09-04,2014-08-10,coinomat.com,https://bitcointalk.org/index.php?topic=732392.0,2014-08-10
PINK,PinkCoin,2014-05-11,2014-05-01,bigman,https://bitcointalk.org/index.php?topic=591666.0,2014-05-01
MAPC,MapCoin,2015-09-08,2015-07-23,mapcoindev,https://bitcointalk.org/index.php?topic=1132496.0,2015-07-23
SDP,SydPak,2015-08-23,2015-08-09,SydPakCoin Dev,https://bitcointalk.org/index.php?topic=1148686.0,2015-08-09
NXTTY,Nxttycoin,2014-08-12,2014-12-21,Nxtblg,https://bitcointalk.org/index.php?topic=901602.0,2014-12-21
CV2,Colossuscoin V2,2015-03-20,2015-01-30,colossuscoin,https://bitcointalk.org/index.php?topic=941433.0,2015-01-30
ARB,ARbit,2015-05-21,2015-05-08,ARbit,https://bitcointalk.org/index.php?topic=1054576.0,2015-05-08
PURE,PurePOS,2015-08-23,2012-07-27,Simran,https://bitcointalk.org/index.php?topic=95935.0,2012-07-27
ARG,Argentum,2013-07-04,2013-06-05,vinne81,https://bitcointalk.org/index.php?topic=226280.0,2013-06-05
ARI,Aricoin,2014-02-20,2014-02-07,olympicsdude,https://bitcointalk.org/index.php?topic=453085.0,2014-02-07
TRUST,TrustPlus,2014-07-10,2013-12-25,nod,https://bitcointalk.org/index.php?topic=385177.0,2013-12-25
NYAN,Nyancoin,2014-02-09,2013-12-21,myhoho,https://bitcointalk.org/index.php?topic=380223.0,2013-12-21
WDC,WorldCoin,2013-05-21,2013-05-09,feeleep,https://bitcointalk.org/index.php?topic=199801.0,2013-05-09
TIX,Tickets,2013-11-03,2013-09-19,bob131313,https://bitcointalk.org/index.php?topic=297600.0,2013-09-19
PARA,ParanoiaCoin,2015-09-25,2014-04-25,Blackjak,https://bitcointalk.org/index.php?topic=584773.0,2014-04-25
CANN,CannabisCoin,2014-08-02,2014-02-25,hypes,https://bitcointalk.org/index.php?topic=486509.0,2014-02-25
XJO,Joulecoin,2013-12-06,2013-09-22,JohnJoule,https://bitcointalk.org/index.php?topic=299308.0,2013-09-22
BOT,Botcoin,2015-09-08,2013-05-10,Nadia,https://bitcointalk.org/index.php?topic=200880.0,2013-05-10
SOON,SoonCoin,2015-01-27,2012-08-10,Sunny King,https://bitcointalk.org/index.php?topic=99735.0,2012-08-10
DARK,DarkCoin,2014-12-06,2013-12-25,wonko86,https://bitcointalk.org/index.php?topic=384582.0,2013-12-25
CCN,Cannacoin,2014-04-25,2013-08-10,hendo420,https://bitcointalk.org/index.php?topic=271476.0,2013-08-10
NAV,Navajo,2014-06-12,2014-05-26,soopy452000,https://bitcointalk.org/index.php?topic=625693.0,2014-05-26
BOB,Dobbscoin,2014-08-27,2014-01-10,deeppurple72,https://bitcointalk.org/index.php?topic=408969.0,2014-01-10
BOD,Bloodcoin,2015-06-18,2015-06-16,SalimNagamato,https://bitcointalk.org/index.php?topic=1091421.0,2015-06-16
SHLD,ShieldCoin,2014-07-12,2014-07-08,shieldcoindevs,https://bitcointalk.org/index.php?topic=681570.0,2014-07-08
SXC,Sexcoin,2013-12-08,2013-05-28,chinsu,https://bitcointalk.org/index.php?topic=218158.0,2013-05-28
MYR,Myriadcoin,2014-03-08,2014-02-23,8bitcoder,https://bitcointalk.org/index.php?topic=483515.0,2014-02-23
CENT,Pennies,2014-08-25,2013-08-07,gr33k,https://bitcointalk.org/index.php?topic=269851.0,2013-08-07
LYB,Lyrabar,2015-11-16,2015-01-28,Lyrabar,https://bitcointalk.org/index.php?topic=939208.0,2015-01-28
LYC,Lycancoin,2014-04-11,2014-02-08,vampirecoin,https://bitcointalk.org/index.php?topic=455770.0,2014-02-08
SJCX,Storjcoin X,2014-08-20,2014-07-20,Storj,https://bitcointalk.org/index.php?topic=702602.0,2014-07-20
NXT,Nxt,2013-12-04,2013-09-28,BCNext,https://bitcointalk.org/index.php?topic=303898.0,2013-09-28
BQC,BBQCoin,2013-05-08,2013-04-14,CaptChadd,https://bitcointalk.org/index.php?topic=176651.0,2013-04-14
BOLI,Bolivarcoin,2015-09-08,2015-08-15,bolivarcoin,https://bitcointalk.org/index.php?topic=1153330.0,2015-08-15
XAU,Xaurum,2015-04-21,2015-02-27,Aurum Project,https://bitcointalk.org/index.php?topic=970586.0,2015-02-27
NXE,NXE,2015-03-22,2015-03-05,NXE,https://bitcointalk.org/index.php?topic=977489.0,2015-03-05
P7C,P7Coin,2015-04-17,2015-06-06,grue,https://bitcointalk.org/index.php?topic=1083019.0,2015-06-06
HAL,Halcyon,2014-08-19,2014-08-16,halcyondev,https://bitcointalk.org/index.php?topic=741728.0,2014-08-16
OK,OKCash,2014-12-13,2014-01-11,jackofall1232,https://bitcointalk.org/index.php?topic=409482.0,2014-01-11
CRAIG,CraigsCoin,2014-09-30,2013-07-21,truelitecoin,https://bitcointalk.org/index.php?topic=259998.0,2013-07-21
HNC,Helleniccoin,2015-07-21,2015-02-08,helleniccoin,https://bitcointalk.org/index.php?topic=950020.0,2015-02-08
OC,OrangeCoin,2014-05-12,2014-04-23,Orangecoin,https://bitcointalk.org/index.php?topic=581894.0,2014-04-23
GSY,GenesysCoin,2015-09-15,2015-07-16,GSYTeam,https://bitcointalk.org/index.php?topic=1125249.0,2015-07-16
BVC,BeaverCoin,2014-10-04,2014-08-29,Sumpfbiene,https://bitcointalk.org/index.php?topic=761269.0,2014-08-29
MAID,MaidSafeCoin,2014-04-27,2014-04-19,Chang Hum,https://bitcointalk.org/index.php?topic=577149.0,2014-04-19
NTRN,Neutron,2015-04-21,2014-01-05,Neutronic,https://bitcointalk.org/index.php?topic=399812.0,2014-01-05
QDOS,Quedos,2015-11-18,2015-11-19,grue,https://bitcointalk.org/index.php?topic=1254606.0,2015-11-19
JUDGE,Judgecoin,2014-07-07,2014-05-18,judgecrypto,https://bitcointalk.org/index.php?topic=615302.0,2014-05-18
FST,Fastcoin,2013-07-04,2013-05-29,fast-coin,https://bitcointalk.org/index.php?topic=218852.0,2013-05-29
BTCRY,BitCrystal,2015-03-22,2015-02-24,bitcrystal,https://bitcointalk.org/index.php?topic=966861.0,2015-02-24
ICASH,iCash,2015-03-27,2015-03-19,cryptodev35,https://bitcointalk.org/index.php?topic=996567.0,2015-03-19
FLY,Flycoin,2015-09-14,2014-01-07,ChrisJ,https://bitcointalk.org/index.php?topic=404014.0,2014-01-07
XST,Stealthcoin,2014-07-10,2014-05-25,stealthdev,https://bitcointalk.org/index.php?topic=624726.0,2014-05-25
SMBR,Sembro Token,2014-10-20,2014-10-11,Sembro Development,https://bitcointalk.org/index.php?topic=819427.0,2014-10-11
FLT,FlutterCoin,2014-03-20,2014-03-04,coolisbad,https://bitcointalk.org/index.php?topic=499126.0,2014-03-04
DEM,Deutsche eMark,2013-12-14,2015-04-09,mitzie,https://bitcointalk.org/index.php?topic=1018790.0,2015-04-09
FLO,FlorinCoin,2013-11-27,2013-06-17,skyangel,https://bitcointalk.org/index.php?topic=236742.0,2013-06-17
LKY,Luckycoin,2013-06-14,2013-05-18,blastbob,https://bitcointalk.org/index.php?topic=209328.0,2013-05-18
VIOR,Viorcoin,2014-11-23,2014-10-25,Viorcoin,https://bitcointalk.org/index.php?topic=834910.0,2014-10-25
BLOCK,Blocknet,2014-11-01,2013-03-13,serraz,https://bitcointalk.org/index.php?topic=152836.0,2013-03-13
TRON,Positron,2015-04-14,2015-04-11,positrondev,https://bitcointalk.org/index.php?topic=1021029.0,2015-04-11
AMC,AmericanCoin,2013-06-09,2013-05-24,mill0601,https://bitcointalk.org/index.php?topic=215290.0,2013-05-24
PTC,Pesetacoin,2014-02-22,2014-01-15,CryptoMP,https://bitcointalk.org/index.php?topic=417363.0,2014-01-15
ROX,ROXcoin,2014-07-01,2014-06-28,Roxcoin,https://bitcointalk.org/index.php?topic=668876.0,2014-06-28
DOT,Dotcoin,2015-02-15,2014-03-31,KimDotCoin,https://bitcointalk.org/index.php?topic=550851.0,2014-03-31
OSC,OpenSourcecoin,2014-03-15,2013-08-28,x3maniac,https://bitcointalk.org/index.php?topic=283055.0,2013-08-28
MNC,Mincoin,2013-05-02,2013-04-12,vipah,https://bitcointalk.org/index.php?topic=174316.0,2013-04-12
PTS,BitShares PTS,2013-11-21,2013-12-24,mckmuze,https://bitcointalk.org/index.php?topic=382859.0,2013-12-24
MNE,Munne,2014-10-25,2014-09-25,Mchrono,https://bitcointalk.org/index.php?topic=796222.0,2014-09-25
TRI,Triangles,2014-07-21,2014-07-16,3angle,https://bitcointalk.org/index.php?topic=697634.0,2014-07-16
TRK,Truckcoin,2014-07-16,2013-12-28,hostmaster,https://bitcointalk.org/index.php?topic=388969.0,2013-12-28
RBT,Rimbit,2014-10-26,2015-07-01,rimbit,https://bitcointalk.org/index.php?topic=1105448.0,2015-07-01
TRL,Trollcoin,2014-09-30,2014-02-04,altcoins25,https://bitcointalk.org/index.php?topic=449198.0,2014-02-04
AM,AeroMe,2014-07-07,2013-05-03,Tesla71,https://bitcointalk.org/index.php?topic=194178.0,2013-05-03
TRC,Terracoin,2013-04-28,2012-11-11,crazy_rabbit,https://bitcointalk.org/index.php?topic=123724.0,2012-11-11
RBR,RibbitRewards,2015-01-23,2014-10-31,ribbitrewards,https://bitcointalk.org/index.php?topic=842433.0,2014-10-31
VCN,Vcoin,2015-06-10,2013-12-29,v_coin,https://bitcointalk.org/index.php?topic=389691.0,2013-12-29
USDe,USDe,2014-02-06,2014-01-11,USD-e,https://bitcointalk.org/index.php?topic=410254.0,2014-01-11
VOOT,VootCoin,2014-06-12,2014-05-29,vootcoin_dev,https://bitcointalk.org/index.php?topic=630628.0,2014-05-29
MYST,MysteryCoin,2015-02-06,2015-01-29,solacedev,https://bitcointalk.org/index.php?topic=939935.0,2015-01-29
ENRG,Energycoin,2014-05-15,2014-04-24,energycoin.cc,https://bitcointalk.org/index.php?topic=582573.0,2014-04-24
NOXT,NobleNXT,2014-12-06,2014-10-31,Rofo,https://bitcointalk.org/index.php?topic=841741.0,2014-10-31
PLANET,PlanetCoin,2015-03-22,2015-02-28,planetcoin,https://bitcointalk.org/index.php?topic=971610.0,2015-02-28
HZ,Horizon,2014-07-14,2014-03-31,NeXTHorizon,https://bitcointalk.org/index.php?topic=551666.0,2014-03-31
SHND,StrongHands,2015-10-30,2015-09-28,JacksonBriggs,https://bitcointalk.org/index.php?topic=1195510.0,2015-09-28
NEC,Neocoin,2014-03-26,2013-07-25,Neo8,https://bitcointalk.org/index.php?topic=262114.0,2013-07-25
XNC,XenCoin,2013-07-24,2013-05-22,XenCoin,https://bitcointalk.org/index.php?topic=213135.0,2013-05-22
ACP,AnarchistsPrime,2015-07-13,2014-05-28,axismundi,https://bitcointalk.org/index.php?topic=628536.0,2014-05-28
NET,NetCoin,2013-12-16,2012-07-10,kingkatari,https://bitcointalk.org/index.php?topic=92603.0,2012-07-10
NEU,NeuCoin,2015-09-25,2014-01-05,Neutronic,https://bitcointalk.org/index.php?topic=399812.0,2014-01-05
FLDC,FoldingCoin,2014-09-16,2014-09-13,FoldingCoin,https://bitcointalk.org/index.php?topic=781352.0,2014-09-13
TEK,TEKcoin,2014-05-20,2013-08-28,x3maniac,https://bitcointalk.org/index.php?topic=283055.0,2013-08-28
PMP,PreminePlus,2014-10-20,2014-06-25,TheMightyX,https://bitcointalk.org/index.php?topic=665048.0,2014-06-25
CGA,Cryptographic Anomaly,2014-02-21,2014-02-01,s4w3d0ff,https://bitcointalk.org/index.php?topic=443094.0,2014-02-01
GEMZ,GetGems,2015-01-12,2014-08-26,peled1986,https://bitcointalk.org/index.php?topic=758004.0,2014-08-26
GRAV,Graviton,2015-05-03,2015-05-02,gravitondev,https://bitcointalk.org/index.php?topic=1045089.0,2015-05-02
FSC2,FriendshipCoin 2,2015-01-25,2013-05-30,RichG,https://bitcointalk.org/index.php?topic=220349.0,2013-05-30
NBL,Nibble,2013-06-14,2013-05-18,hyoshi,https://bitcointalk.org/index.php?topic=209035.0,2013-05-18
TES,TeslaCoin,2014-02-06,2014-01-17,Vlad2Vlad,https://bitcointalk.org/index.php?topic=420605.0,2014-01-17
CORE,CORE,2015-06-18,2013-05-29,kimoto,https://bitcointalk.org/index.php?topic=218851.0,2013-05-29
CORG,CorgiCoin,2014-02-21,2014-02-02,corgicoin,https://bitcointalk.org/index.php?topic=444700.0,2014-02-02
GMC,GameCredits,2014-09-01,2013-05-12,aa,https://bitcointalk.org/index.php?topic=202993.0,2013-05-12
ELC,Elacoin,2013-06-09,2013-05-13,Milkshake,https://bitcointalk.org/index.php?topic=203647.0,2013-05-13
RBBT,RabbitCoin,2014-08-30,2014-02-15,rabbitcointeam,https://bitcointalk.org/index.php?topic=466621.0,2014-02-15
J,Joincoin,2014-08-25,2014-06-25,M.JCoindev,https://bitcointalk.org/index.php?topic=665964.0,2014-06-25
SJW,SJWCoin,2015-08-07,2015-06-20,sjwcoin,https://bitcointalk.org/index.php?topic=1094489.0,2015-06-20
GME,GameCoin,2013-08-25,2013-05-12,gamecoin,https://bitcointalk.org/index.php?topic=202764.0,2013-05-12
CLOAK,CloakCoin,2014-06-06,2014-06-03,TheDagger,https://bitcointalk.org/index.php?topic=637704.0,2014-06-03
RDD,ReddCoin,2014-02-09,2014-01-20,ReddCoin,https://bitcointalk.org/index.php?topic=423597.0,2014-01-20
ADD,AdderalCoin,2015-02-28,2013-06-20,sacramento,https://bitcointalk.org/index.php?topic=239251.0,2013-06-20
ADC,AudioCoin,2015-06-05,2014-03-16,TheFlyingDutchman,https://bitcointalk.org/index.php?topic=518662.0,2014-03-16
DIEM,CarpeDiemCoin,2014-04-27,2014-03-13,Carpe Diem Coin,https://bitcointalk.org/index.php?topic=513599.0,2014-03-13
ADN,Aiden,2014-04-15,2014-04-05,defaced,https://bitcointalk.org/index.php?topic=558414.0,2014-04-05
ELP,ElephantCoin,2014-08-26,2013-07-30,hotcoldcoin,https://bitcointalk.org/index.php?topic=264740.0,2013-07-30
MINT,Mintcoin,2014-02-19,2013-10-21,MasterRuthless,https://bitcointalk.org/index.php?topic=315290.0,2013-10-21
AEON,Aeon,2015-08-04,2014-06-06,aeon,https://bitcointalk.org/index.php?topic=641696.0,2014-06-06
ELT,Electron,2014-06-12,2014-05-25,electron-coin,https://bitcointalk.org/index.php?topic=624595.0,2014-05-25
MED,MediterraneanCoin,2014-10-22,2014-01-03,smallplatf,https://bitcointalk.org/index.php?topic=397831.0,2014-01-03
OZC,Ozziecoin,2015-07-23,2014-04-21,Ozziecoin,https://bitcointalk.org/index.php?topic=578881.0,2014-04-21
MEC,Megacoin,2013-07-07,2013-05-29,kimoto,https://bitcointalk.org/index.php?topic=218851.0,2013-05-29
HIRO,Hirocoin,2014-03-26,2014-03-15,HiroS,https://bitcointalk.org/index.php?topic=516349.0,2014-03-15
XEM,NEM,2015-03-31,2014-01-19,utopianfuture,https://bitcointalk.org/index.php?topic=422129.0,2014-01-19
NAUT,NautilusCoin,2014-05-15,2014-05-01,BK_PHI,https://bitcointalk.org/index.php?topic=591114.0,2014-05-01
SMLY,SmileyCoin,2015-01-27,2013-12-31,tk808,https://bitcointalk.org/index.php?topic=392608.0,2013-12-31
CIRC,CryptoCircuits,2015-06-18,2014-03-06,zakorus,https://bitcointalk.org/index.php?topic=504573.0,2014-03-06
GDC,GrandCoin,2013-12-16,2013-07-30,hotcoldcoin,https://bitcointalk.org/index.php?topic=264740.0,2013-07-30
STHR,Stakerush,2015-09-14,2015-08-25,stakerush,https://bitcointalk.org/index.php?topic=1161629.0,2015-08-25
BRC,Biebercoin,2015-07-21,2013-12-31,txiki73,https://bitcointalk.org/index.php?topic=392668.0,2013-12-31
QSLV,Quicksilver,2014-11-13,2014-10-21,QuickSilverNFC,https://bitcointalk.org/index.php?topic=830480.0,2014-10-21
VIRAL,Viral,2015-05-08,2014-03-06,maco,https://bitcointalk.org/index.php?topic=504453.0,2014-03-06
XWT,World Trade Funds,2014-10-26,2014-10-20,wtfdev,https://bitcointalk.org/index.php?topic=828967.0,2014-10-20
SWING,Swing,2015-09-28,2013-05-19,zerodrama,https://bitcointalk.org/index.php?topic=209601.0,2013-05-19
IFC,Infinitecoin,2013-07-10,2013-06-05,fisheater,https://bitcointalk.org/index.php?topic=225891.0,2013-06-05
MSC,Mastercoin,2013-12-24,2013-06-24,MstCoin,https://bitcointalk.org/index.php?topic=242406.0,2013-06-24
XWC,WhiteCoin,2014-04-18,2014-04-13,yinyangteam,https://bitcointalk.org/index.php?topic=568517.0,2014-04-13
KARM,Karmacoin,2014-02-08,2014-02-03,Karmagood,https://bitcointalk.org/index.php?topic=447657.0,2014-02-03
TX,TransferCoin,2015-08-20,2013-06-17,skyangel,https://bitcointalk.org/index.php?topic=236742.0,2013-06-17
EAC,EarthCoin,2013-12-28,2013-12-20,earthcoin,https://bitcointalk.org/index.php?topic=379236.0,2013-12-20
42,42 Coin,2014-01-13,2014-01-01,hendo420,https://bitcointalk.org/index.php?topic=394212.0,2014-01-01
PXI,Prime-XI,2014-10-04,2014-07-20,Percise,https://bitcointalk.org/index.php?topic=701871.0,2014-07-20
PXL,Phalanx,2015-04-07,2014-01-16,Tripmode,https://bitcointalk.org/index.php?topic=418088.0,2014-01-16
PXC,Phoenixcoin,2013-07-04,2013-05-21,niteryder,https://bitcointalk.org/index.php?topic=212153.0,2013-05-21
AC,AsiaCoin,2014-04-20,2013-06-02,jubalix,https://bitcointalk.org/index.php?topic=223104.0,2013-06-02
ICN,iCoin,2014-02-17,2013-12-23,speedminer,https://bitcointalk.org/index.php?topic=382394.0,2013-12-23
SPACE,SpaceCoin,2015-09-09,2014-01-05,UFO Coin,https://bitcointalk.org/index.php?topic=399937.0,2014-01-05
ICB,IcebergCoin,2014-07-16,2014-07-01,Icebergcoin,https://bitcointalk.org/index.php?topic=673524.0,2014-07-01
METAL,MetalCoin,2015-01-27,2013-11-25,Forex-Metal Support,https://bitcointalk.org/index.php?topic=345987.0,2013-11-25
START,Startcoin,2014-06-15,2012-05-14,frisco2,https://bitcointalk.org/index.php?topic=81760.0,2012-05-14
U,UCoin,2014-11-16,2013-07-12,GoldBit89,https://bitcointalk.org/index.php?topic=255220.0,2013-07-12
CNC,CHNCoin,2013-05-08,2013-05-01,CHNCoin,https://bitcointalk.org/index.php?topic=192243.0,2013-05-01
AMBER,AmberCoin,2015-02-06,2014-08-17,amber_gold,https://bitcointalk.org/index.php?topic=742928.0,2014-08-17
CNL,ConcealCoin,2014-07-21,2014-07-18,ConcealCoin,https://bitcointalk.org/index.php?topic=700289.0,2014-07-18
CRYPT,CryptCoin,2014-05-26,2014-05-20,ccryptcoin,https://bitcointalk.org/index.php?topic=618377.0,2014-05-20
NKA,IncaKoin,2015-01-27,2013-10-07,Tsunamirain,https://bitcointalk.org/index.php?topic=306970.0,2013-10-07
ZCC,ZcCoin,2014-08-05,2013-08-05,zccoin,https://bitcointalk.org/index.php?topic=268575.0,2013-08-05
NOTE,DNotes,2014-03-08,2014-02-16,DNotes,https://bitcointalk.org/index.php?topic=470155.0,2014-02-16
KGC,Krugercoin,2013-07-07,2013-06-29,ethought,https://bitcointalk.org/index.php?topic=246517.0,2013-06-29
CHILD,X-Children,2014-09-20,2013-05-04,Yurizhai,https://bitcointalk.org/index.php?topic=194655.0,2013-05-04
SUPER,SuperCoin,2014-05-26,2012-04-13,davout,https://bitcointalk.org/index.php?topic=76543.0,2012-04-13
EZC,EZCoin,2013-07-04,2013-05-29,ezcoin,https://bitcointalk.org/index.php?topic=219308.0,2013-05-29
